排名,仓库,分类,简介,Stars,活跃度,最近推送,语言,许可证,来源话题,适用场景,用法,图片,视频,GitHub
1,obra/superpowers,技能框架,一套面向智能体的软件开发方法与技能框架,234304,本周活跃,2026-06-18T22:45:11Z,Shell,MIT,skills,复杂软件开发 | 规范化 Agent 工作流 | 团队工程实践,按 README 安装框架或 CLI，初始化项目后通过技能触发说明在 Agent 会话中调用。,https://opengraph.githubassets.com/skillhot/obra/superpowers,,https://github.com/obra/superpowers
2,nextlevelbuilder/ui-ux-pro-max-skill,内容创作,为 Agent 提供跨平台 UI/UX 设计知识、模式与审美约束,94405,本周活跃,2026-06-20T19:00:04Z,Python,MIT,ai-skills,网页与 App 设计 | 设计系统选型 | UI 质量提升,阅读仓库 README 的安装要求，将 Skill 目录或插件接入你的 Agent 环境，再用自然语言触发对应工作流。,https://opengraph.githubassets.com/skillhot/nextlevelbuilder/ui-ux-pro-max-skill,,https://github.com/nextlevelbuilder/ui-ux-pro-max-skill
3,addyosmani/agent-skills,编程工程,面向生产环境的工程技能合集,64254,本周活跃,2026-06-21T00:20:14Z,Shell,MIT,skills | agent-skills,代码评审 | 性能优化 | 工程交付,阅读仓库 README 的安装要求，将 Skill 目录或插件接入你的 Agent 环境，再用自然语言触发对应工作流。,https://opengraph.githubassets.com/skillhot/addyosmani/agent-skills,,https://github.com/addyosmani/agent-skills
4,sickn33/antigravity-awesome-skills,技能合集,可安装的跨平台 Agent Skills 大型技能库,41248,本周活跃,2026-06-20T08:24:45Z,Python,MIT,agent-skills | claude-code-skills | codex-skills,批量安装技能 | 按领域检索 | 构建技能包,先在仓库目录中选择目标 Skill，再按其 README 将对应目录复制或安装到你的 Agent Skills 目录。,https://opengraph.githubassets.com/skillhot/sickn33/antigravity-awesome-skills,,https://github.com/sickn33/antigravity-awesome-skills
5,VoltAgent/awesome-agent-skills,技能合集,跨 Claude、Codex、Gemini CLI 等平台的技能精选目录,25966,本周活跃,2026-06-20T15:05:05Z,,MIT,skills | agent-skills | claude-skills | claude-code-skills | codex-skills,跨平台选型 | 批量发现技能 | 技能生态调研,先在仓库目录中选择目标 Skill，再按其 README 将对应目录复制或安装到你的 Agent Skills 目录。,https://opengraph.githubassets.com/skillhot/VoltAgent/awesome-agent-skills,,https://github.com/VoltAgent/awesome-agent-skills
6,anthropics/skills,官方合集,Agent Skills 公共仓库、规范示例与参考实现,153246,本月活跃,2026-06-09T20:35:19Z,Python,,agent-skills,学习 Skills 结构 | 复用官方技能 | 编写自定义技能,先在仓库目录中选择目标 Skill，再按其 README 将对应目录复制或安装到你的 Agent Skills 目录。,https://opengraph.githubassets.com/skillhot/anthropics/skills,,https://github.com/anthropics/skills
7,VoltAgent/awesome-openclaw-skills,技能合集,"从官方注册表筛选整理 5,400+ OpenClaw Skills",50440,本周活跃,2026-06-16T14:22:40Z,,MIT,agent-skills | openclaw-skills,OpenClaw 技能发现 | 按领域筛选 | 技能市场调研,先在仓库目录中选择目标 Skill，再按其 README 将对应目录复制或安装到你的 Agent Skills 目录。,https://opengraph.githubassets.com/skillhot/VoltAgent/awesome-openclaw-skills,,https://github.com/VoltAgent/awesome-openclaw-skills
8,safishamsi/graphify,记忆与上下文,把代码、数据库、文档与多媒体转成可查询知识图谱,69942,本周活跃,2026-06-19T15:18:02Z,Python,MIT,skills,代码库理解 | 跨模态知识图谱 | 复杂项目检索,阅读仓库 README 的安装要求，将 Skill 目录或插件接入你的 Agent 环境，再用自然语言触发对应工作流。,https://opengraph.githubassets.com/skillhot/safishamsi/graphify,,https://github.com/safishamsi/graphify
9,Leonxlnx/taste-skill,内容创作,让编程智能体生成更克制、更有设计品位的界面,47862,本周活跃,2026-06-20T23:05:00Z,JavaScript,MIT,skill | skills,网页设计 | 前端审美约束 | UI 质量复核,阅读仓库 README 的安装要求，将 Skill 目录或插件接入你的 Agent 环境，再用自然语言触发对应工作流。,https://opengraph.githubassets.com/skillhot/Leonxlnx/taste-skill,,https://github.com/Leonxlnx/taste-skill
10,JimLiu/baoyu-skills,内容创作,覆盖图文、网页与内容生产的一组实用 Agent Skills,22075,本周活跃,2026-06-20T04:02:10Z,TypeScript,MIT,agent-skills | claude-skills | openclaw-skills | codex-skills,图文创作 | 网页内容 | 社交媒体生产,阅读仓库 README 的安装要求，将 Skill 目录或插件接入你的 Agent 环境，再用自然语言触发对应工作流。,https://opengraph.githubassets.com/skillhot/JimLiu/baoyu-skills,https://www.youtube.com/watch?v=VIDEO_ID,https://github.com/JimLiu/baoyu-skills
11,nexu-io/open-design,内容创作,本地优先的 AI 设计工作台，内置 259+ Skills 与 142+ 设计系统,68289,本周活跃,2026-06-21T01:54:19Z,TypeScript,Apache-2.0,agent-skills,界面原型 | 演示与视频 | 多平台设计交付,阅读仓库 README 的安装要求，将 Skill 目录或插件接入你的 Agent 环境，再用自然语言触发对应工作流。,https://opengraph.githubassets.com/skillhot/nexu-io/open-design,,https://github.com/nexu-io/open-design
12,alirezarezvani/claude-skills,技能合集,覆盖工程、营销、产品、合规与运营的综合 Skills 套装,18636,本周活跃,2026-06-20T05:17:58Z,Python,MIT,agent-skills | claude-skills | claude-code-skills | openclaw-skills | codex-skills,业务工作流 | 工程开发 | 日常生产力,先在仓库目录中选择目标 Skill，再按其 README 将对应目录复制或安装到你的 Agent Skills 目录。,https://opengraph.githubassets.com/skillhot/alirezarezvani/claude-skills,,https://github.com/alirezarezvani/claude-skills
13,ComposioHQ/awesome-claude-skills,技能合集,Claude Skills、工具与实践资源的精选导航,65360,本月活跃,2026-05-22T03:17:49Z,Python,,skill | agent-skills,发现新技能 | 对比技能生态 | 搭建个人技能库,先在仓库目录中选择目标 Skill，再按其 README 将对应目录复制或安装到你的 Agent Skills 目录。,https://opengraph.githubassets.com/skillhot/ComposioHQ/awesome-claude-skills,,https://github.com/ComposioHQ/awesome-claude-skills
14,jeecgboot/JeecgBoot,编程工程,内置 AI Skills、知识库与流程编排的 Java 低代码平台,46808,本周活跃,2026-06-19T19:57:33Z,Java,Apache-2.0,skills,企业应用开发 | 表单与流程生成 | Java 低代码,阅读仓库 README 的安装要求，将 Skill 目录或插件接入你的 Agent 环境，再用自然语言触发对应工作流。,https://opengraph.githubassets.com/skillhot/jeecgboot/JeecgBoot,https://www.bilibili.com/video/BV1KKwTzJEbX/,https://github.com/jeecgboot/JeecgBoot
15,zhayujie/CowAgent,智能体平台,支持 Skills、记忆与多渠道接入的轻量开源 Agent Harness,45497,本周活跃,2026-06-20T09:08:34Z,Python,MIT,skills,个人 AI 助手 | 多渠道机器人 | Agent 自进化,阅读仓库 README 的安装要求，将 Skill 目录或插件接入你的 Agent 环境，再用自然语言触发对应工作流。,https://opengraph.githubassets.com/skillhot/zhayujie/CowAgent,,https://github.com/zhayujie/CowAgent
16,mvanhorn/last30days-skill,研究知识,跨 Reddit、X、YouTube、HN 等来源调研最近 30 天热点,45115,本周活跃,2026-06-20T20:34:22Z,Python,MIT,ai-skill,趋势调研 | 社交媒体研究 | 时效信息综述,阅读仓库 README 的安装要求，将 Skill 目录或插件接入你的 Agent 环境，再用自然语言触发对应工作流。,https://opengraph.githubassets.com/skillhot/mvanhorn/last30days-skill,,https://github.com/mvanhorn/last30days-skill
17,Egonex-AI/Understand-Anything,记忆与上下文,把任意代码库转成可搜索、可问答的交互知识图谱,64703,本周活跃,2026-06-20T11:07:28Z,TypeScript,MIT,claude-skills | codex-skills,代码库理解 | 架构探索 | 新成员上手,阅读仓库 README 的安装要求，将 Skill 目录或插件接入你的 Agent 环境，再用自然语言触发对应工作流。,https://opengraph.githubassets.com/skillhot/Egonex-AI/Understand-Anything,https://www.youtube.com/watch?v=VmIUXVlt7_I,https://github.com/Egonex-AI/Understand-Anything
18,K-Dense-AI/scientific-agent-skills,研究知识,把通用 Agent 扩展成覆盖科研数据库与实验流程的 AI 科学家,28878,本周活跃,2026-06-15T23:48:13Z,Python,MIT,agent-skills | claude-skills,文献调研 | 生物医药研究 | 科学数据库检索,阅读仓库 README 的安装要求，将 Skill 目录或插件接入你的 Agent 环境，再用自然语言触发对应工作流。,https://opengraph.githubassets.com/skillhot/K-Dense-AI/scientific-agent-skills,https://youtu.be/ZxbnDaD_FVg,https://github.com/K-Dense-AI/scientific-agent-skills
19,ruvnet/ruflo,智能体平台,面向 Claude、Codex 的多智能体协作、记忆与 RAG 编排框架,60565,本周活跃,2026-06-20T06:05:48Z,TypeScript,MIT,skills | ai-skills,多智能体协作 | 任务编排 | 长期记忆,阅读仓库 README 的安装要求，将 Skill 目录或插件接入你的 Agent 环境，再用自然语言触发对应工作流。,https://opengraph.githubassets.com/skillhot/ruvnet/ruflo,,https://github.com/ruvnet/ruflo
20,thedotmack/claude-mem,记忆与上下文,为多种 Agent 提供跨会话持久上下文与相关记忆检索,83427,本周活跃,2026-06-20T23:04:14Z,JavaScript,Apache-2.0,claude-skills,长期项目 | 跨会话续接 | 上下文召回,阅读仓库 README 的安装要求，将 Skill 目录或插件接入你的 Agent 环境，再用自然语言触发对应工作流。,https://opengraph.githubassets.com/skillhot/thedotmack/claude-mem,,https://github.com/thedotmack/claude-mem
21,JuliusBrussee/caveman,效率工具,用极简表达压缩 Agent 对话，减少上下文 Token 消耗,75182,本月活跃,2026-06-12T13:51:06Z,JavaScript,MIT,skill,长会话控费 | 压缩 Agent 输出 | 低带宽协作,阅读仓库 README 的安装要求，将 Skill 目录或插件接入你的 Agent 环境，再用自然语言触发对应工作流。,https://opengraph.githubassets.com/skillhot/JuliusBrussee/caveman,,https://github.com/JuliusBrussee/caveman
22,teng-lin/notebooklm-py,研究知识,NotebookLM 的 Python API、CLI 与 Agent Skill,16672,本周活跃,2026-06-21T03:30:50Z,Python,MIT,skills | claude-skills | openclaw-skills,NotebookLM 自动化 | 资料研究 | 内容生成,阅读仓库 README 的安装要求，将 Skill 目录或插件接入你的 Agent 环境，再用自然语言触发对应工作流。,https://opengraph.githubassets.com/skillhot/teng-lin/notebooklm-py,https://www.youtube.com/watch?v=usTeU4Uh0iM,https://github.com/teng-lin/notebooklm-py
23,github/awesome-copilot,技能合集,GitHub Copilot 社区指令、Agent、Skills 与配置合集,35348,本周活跃,2026-06-19T15:33:11Z,Python,MIT,agent-skills,Copilot 定制 | 团队指令复用 | Agent 配置,先在仓库目录中选择目标 Skill，再按其 README 将对应目录复制或安装到你的 Agent Skills 目录。,https://opengraph.githubassets.com/skillhot/github/awesome-copilot,,https://github.com/github/awesome-copilot
24,OthmanAdi/planning-with-files,效率工具,用持久化文件计划承接长任务，抵抗上下文丢失,23677,本周活跃,2026-06-16T15:16:19Z,Python,MIT,agent-skills | claude-skills,长周期任务 | 上下文恢复 | 多人或多 Agent 协作,阅读仓库 README 的安装要求，将 Skill 目录或插件接入你的 Agent 环境，再用自然语言触发对应工作流。,https://opengraph.githubassets.com/skillhot/OthmanAdi/planning-with-files,,https://github.com/OthmanAdi/planning-with-files
25,CherryHQ/cherry-studio,智能体平台,集成智能对话、自治 Agent 与 300+ 助手的生产力工作台,47598,本周活跃,2026-06-21T02:21:20Z,TypeScript,AGPL-3.0,skills | agent-skills,多模型使用 | 自治任务 | 个人 AI 工作台,阅读仓库 README 的安装要求，将 Skill 目录或插件接入你的 Agent 环境，再用自然语言触发对应工作流。,https://opengraph.githubassets.com/skillhot/CherryHQ/cherry-studio,,https://github.com/CherryHQ/cherry-studio
26,code-yeongyu/oh-my-openagent,编程工程,面向复杂代码库与长任务的高强度编程 Agent Harness,63071,本周活跃,2026-06-20T16:20:21Z,TypeScript,NOASSERTION,claude-skills,复杂代码库 | 长链路开发 | Codex 与 OpenCode 编排,阅读仓库 README 的安装要求，将 Skill 目录或插件接入你的 Agent 环境，再用自然语言触发对应工作流。,https://opengraph.githubassets.com/skillhot/code-yeongyu/oh-my-openagent,https://www.youtube.com/watch?v=G_Snfh2M41M,https://github.com/code-yeongyu/oh-my-openagent
27,shanraisshan/claude-code-best-practice,编程工程,从 Vibe Coding 走向 Agentic Engineering 的 Claude Code 实践库,58423,本周活跃,2026-06-21T03:37:31Z,HTML,MIT,claude-code-skills,Claude Code 工程化 | 提示与工作流 | 团队最佳实践,阅读仓库 README 的安装要求，将 Skill 目录或插件接入你的 Agent 环境，再用自然语言触发对应工作流。,https://opengraph.githubassets.com/skillhot/shanraisshan/claude-code-best-practice,https://www.youtube.com/watch?v=eAtvoGlpeRU,https://github.com/shanraisshan/claude-code-best-practice
28,volcengine/OpenViking,记忆与上下文,以文件系统范式统一管理 Agent 的记忆、资源与 Skills,25856,本周活跃,2026-06-20T21:49:54Z,Python,AGPL-3.0,skill,上下文数据库 | 分层记忆 | Agent 自进化,阅读仓库 README 的安装要求，将 Skill 目录或插件接入你的 Agent 环境，再用自然语言触发对应工作流。,https://opengraph.githubassets.com/skillhot/volcengine/OpenViking,,https://github.com/volcengine/OpenViking
29,flipped-aurora/gin-vue-admin,编程工程,内置 MCP 与 Skills 管理的 Vue + Gin 企业开发平台,24791,本周活跃,2026-06-19T06:14:28Z,Go,NOASSERTION,skills,前后端开发 | 后台管理系统 | AI 辅助编码,阅读仓库 README 的安装要求，将 Skill 目录或插件接入你的 Agent 环境，再用自然语言触发对应工作流。,https://opengraph.githubassets.com/skillhot/flipped-aurora/gin-vue-admin,https://www.bilibili.com/video/BV1B3htzqEf1/?spm_id_from=333.1387.homepage.video_card.click,https://github.com/flipped-aurora/gin-vue-admin
30,zarazhangrui/frontend-slides,内容创作,用编程 Agent 的前端能力生成精美网页演示文稿,22355,本周活跃,2026-06-13T05:05:17Z,JavaScript,MIT,claude-skill,网页 Slides | 视觉演示 | 前端动效,阅读仓库 README 的安装要求，将 Skill 目录或插件接入你的 Agent 环境，再用自然语言触发对应工作流。,https://opengraph.githubassets.com/skillhot/zarazhangrui/frontend-slides,,https://github.com/zarazhangrui/frontend-slides
31,Yuan1z0825/nature-skills,研究知识,面向 Nature 风格学术表达与科研绘图的 Skills,21565,本周活跃,2026-06-19T22:16:50Z,Python,Apache-2.0,codex-skills,论文写作 | 科研绘图 | 学术表达,阅读仓库 README 的安装要求，将 Skill 目录或插件接入你的 Agent 环境，再用自然语言触发对应工作流。,https://opengraph.githubassets.com/skillhot/Yuan1z0825/nature-skills,,https://github.com/Yuan1z0825/nature-skills
32,DietrichGebert/ponytail,编程工程,Makes your AI agent think like the laziest senior dev in the room. The best code is the code you never wrote.,43658,本周活跃,2026-06-21T00:23:17Z,JavaScript,MIT,agent-skills,软件开发 | 代码质量 | 工程自动化,阅读仓库 README 的安装要求，将 Skill 目录或插件接入你的 Agent 环境，再用自然语言触发对应工作流。,https://opengraph.githubassets.com/skillhot/DietrichGebert/ponytail,,https://github.com/DietrichGebert/ponytail
33,kepano/obsidian-skills,效率工具,让 Agent 熟练操作 Obsidian CLI 与 Markdown、Bases、Canvas,36245,本月活跃,2026-06-08T16:12:01Z,,MIT,skills,知识库维护 | 笔记自动化 | 结构化内容管理,阅读仓库 README 的安装要求，将 Skill 目录或插件接入你的 Agent 环境，再用自然语言触发对应工作流。,https://opengraph.githubassets.com/skillhot/kepano/obsidian-skills,,https://github.com/kepano/obsidian-skills
34,wshobson/agents,智能体平台,面向多种编程智能体的插件与技能市场,36999,本周活跃,2026-06-20T15:51:50Z,Python,MIT,agent-skills,多智能体编排 | 插件市场 | 工程自动化,阅读仓库 README 的安装要求，将 Skill 目录或插件接入你的 Agent 环境，再用自然语言触发对应工作流。,https://opengraph.githubassets.com/skillhot/wshobson/agents,,https://github.com/wshobson/agents
35,Orchestra-Research/AI-Research-SKILLs,研究知识,面向 AI 研究与工程的开源技能库,9899,本周活跃,2026-06-16T01:36:46Z,TeX,MIT,skills | claude-skills,AI 论文调研 | 实验复现 | 研究工程,阅读仓库 README 的安装要求，将 Skill 目录或插件接入你的 Agent 环境，再用自然语言触发对应工作流。,https://opengraph.githubassets.com/skillhot/Orchestra-Research/AI-Research-SKILLs,,https://github.com/Orchestra-Research/AI-Research-SKILLs
36,yusufkaraaslan/Skill_Seekers,技能框架,把文档网站、GitHub 仓库和 PDF 自动转换为 Skills,14210,本周活跃,2026-06-16T18:23:03Z,Python,MIT,claude-skills,知识产品化 | 文档转技能 | 技能生成,按 README 安装框架或 CLI，初始化项目后通过技能触发说明在 Agent 会话中调用。,https://opengraph.githubassets.com/skillhot/yusufkaraaslan/Skill_Seekers,https://www.youtube.com/watch?v=...,https://github.com/yusufkaraaslan/Skill_Seekers
37,google/skills,智能体平台,Agent Skills for Google products and technologies,13987,本周活跃,2026-06-21T03:36:19Z,Python,Apache-2.0,skills,Agent 编排 | 能力扩展 | 多平台协作,阅读仓库 README 的安装要求，将 Skill 目录或插件接入你的 Agent 环境，再用自然语言触发对应工作流。,https://opengraph.githubassets.com/skillhot/google/skills,,https://github.com/google/skills
38,nanocoai/nanoclaw,记忆与上下文,"A lightweight alternative to OpenClaw that runs in containers for security. Connects to WhatsApp, Telegram, Slack, Discord, Gmail and other messaging apps,, has memory, scheduled jobs, and runs directly on Anthropic's Agents SDK",29935,本周活跃,2026-06-18T19:08:37Z,TypeScript,MIT,claude-skills,长期任务 | 跨会话续接 | 上下文管理,阅读仓库 README 的安装要求，将 Skill 目录或插件接入你的 Agent 环境，再用自然语言触发对应工作流。,https://opengraph.githubassets.com/skillhot/nanocoai/nanoclaw,,https://github.com/nanocoai/nanoclaw
39,googleworkspace/cli,效率工具,"Google Workspace CLI — one command-line tool for Drive, Gmail, Calendar, Sheets, Docs, Chat, Admin, and more. Dynamically built from Google Discovery Service. Includes AI agent skills.",27175,本月活跃,2026-06-10T17:06:34Z,Rust,Apache-2.0,agent-skills,任务规划 | 办公自动化 | 个人生产力,阅读仓库 README 的安装要求，将 Skill 目录或插件接入你的 Agent 环境，再用自然语言触发对应工作流。,https://opengraph.githubassets.com/skillhot/googleworkspace/cli,,https://github.com/googleworkspace/cli
40,NevaMind-AI/memU,记忆与上下文,"File System as Memory, Memory Shapes the Agent",13893,本周活跃,2026-06-19T01:18:05Z,Python,NOASSERTION,skills | claude-skills | openclaw-skills,长期任务 | 跨会话续接 | 上下文管理,阅读仓库 README 的安装要求，将 Skill 目录或插件接入你的 Agent 环境，再用自然语言触发对应工作流。,https://opengraph.githubassets.com/skillhot/NevaMind-AI/memU,,https://github.com/NevaMind-AI/memU
41,op7418/guizang-ppt-skill,内容创作,生成杂志感、瑞士风等高质量 HTML 演示文稿,18188,本月活跃,2026-06-02T09:53:57Z,HTML,AGPL-3.0,skill | skills,演示文稿 | 社交封面 | HTML Slides,阅读仓库 README 的安装要求，将 Skill 目录或插件接入你的 Agent 环境，再用自然语言触发对应工作流。,https://opengraph.githubassets.com/skillhot/op7418/guizang-ppt-skill,,https://github.com/op7418/guizang-ppt-skill
42,Agents365-ai/drawio-skill,编程工程,"Generate draw.io diagrams from natural language — 6 presets, vision self-check + up to 5-round refinement, codebase-to-diagram, 10,000+ official shapes & 321 AI/LLM brand logos. Exports PNG/SVG/PDF/JPG.",4267,本周活跃,2026-06-20T03:55:08Z,Python,MIT,claude-skills | agent-skill | claude-code-skill | skill-md | openclaw-skills | skillsmp,软件开发 | 代码质量 | 工程自动化,阅读仓库 README 的安装要求，将 Skill 目录或插件接入你的 Agent 环境，再用自然语言触发对应工作流。,https://opengraph.githubassets.com/skillhot/Agents365-ai/drawio-skill,,https://github.com/Agents365-ai/drawio-skill
43,kubesphere/kubesphere,智能体平台,"The container platform tailored for Kubernetes multi-cloud, datacenter, and edge management ⎈ 🖥 ☁️",16974,本月活跃,2026-06-04T06:32:03Z,Go,NOASSERTION,skills | agent-skills | skills-sh | skillsmp,Agent 编排 | 能力扩展 | 多平台协作,阅读仓库 README 的安装要求，将 Skill 目录或插件接入你的 Agent 环境，再用自然语言触发对应工作流。,https://opengraph.githubassets.com/skillhot/kubesphere/kubesphere,,https://github.com/kubesphere/kubesphere
44,wanshuiyin/Auto-claude-code-research-in-sleep,研究知识,"ARIS ⚔️ (Auto-Research-In-Sleep) — Lightweight Markdown-only skills for autonomous ML research: cross-model review loops, idea discovery, and experiment automation. No framework, no lock-in — works with Claude Code, Codex, OpenClaw, or any LLM agent.",12395,本周活跃,2026-06-20T13:27:14Z,Python,MIT,claude-code-skills,资料调研 | 知识检索 | 研究工作流,阅读仓库 README 的安装要求，将 Skill 目录或插件接入你的 Agent 环境，再用自然语言触发对应工作流。,https://opengraph.githubassets.com/skillhot/wanshuiyin/Auto-claude-code-research-in-sleep,,https://github.com/wanshuiyin/Auto-claude-code-research-in-sleep
45,mksglu/context-mode,记忆与上下文,"Context window optimization for AI coding agents. Sandboxes tool output, 98% reduction. 15 platforms",17851,本周活跃,2026-06-20T12:32:57Z,TypeScript,NOASSERTION,skills | claude-code-skill,长期任务 | 跨会话续接 | 上下文管理,阅读仓库 README 的安装要求，将 Skill 目录或插件接入你的 Agent 环境，再用自然语言触发对应工作流。,https://opengraph.githubassets.com/skillhot/mksglu/context-mode,,https://github.com/mksglu/context-mode
46,hesreallyhim/awesome-claude-code,编程工程,"A curated list of awesome skills, hooks, slash-commands, agent orchestrators, applications, and plugins for Claude Code by Anthropic",46933,近期活跃,2026-04-27T14:40:18Z,Python,NOASSERTION,agent-skills,软件开发 | 代码质量 | 工程自动化,阅读仓库 README 的安装要求，将 Skill 目录或插件接入你的 Agent 环境，再用自然语言触发对应工作流。,https://opengraph.githubassets.com/skillhot/hesreallyhim/awesome-claude-code,,https://github.com/hesreallyhim/awesome-claude-code
47,nexu-io/html-anything,内容创作,"✨ The agentic HTML editor — your local AI agent writes the HTML, you ship it. 🚀 75 Skills × 9 Surfaces (magazine · deck · poster · XHS / tweet · prototype · data report · Hyperframes) 🛡️ Sandboxed preview · 📤 1-click to WeChat / X / Zhihu / HTML / PNG 🔑 Zero API key — Claude Code / Cursor / Codex / Gemini / Copilot / OpenCode / Qwen / Aider.",7037,本周活跃,2026-06-16T10:22:48Z,HTML,Apache-2.0,agent-skills | claude-skills,内容生产 | 视觉设计 | 多媒体工作流,阅读仓库 README 的安装要求，将 Skill 目录或插件接入你的 Agent 环境，再用自然语言触发对应工作流。,https://opengraph.githubassets.com/skillhot/nexu-io/html-anything,,https://github.com/nexu-io/html-anything
48,phuryn/pm-skills,编程工程,"PM Skills Marketplace: 100+ agentic skills, commands, and plugins — from discovery to strategy, execution, launch, and growth.",20119,本月活跃,2026-06-06T14:12:26Z,,MIT,agent-skills,软件开发 | 代码质量 | 工程自动化,阅读仓库 README 的安装要求，将 Skill 目录或插件接入你的 Agent 环境，再用自然语言触发对应工作流。,https://opengraph.githubassets.com/skillhot/phuryn/pm-skills,,https://github.com/phuryn/pm-skills
49,AgriciDaniel/claude-seo,内容创作,"Universal SEO skill for Claude Code. 25 sub-skills + 18 sub-agents covering technical SEO, E-E-A-T, schema, GEO/AEO, backlinks, local SEO, maps intelligence, semantic clustering, e-commerce SEO, international SEO, Google APIs, and PDF/Excel reporting. Optional DataForSEO, Firecrawl, and Banana extensions.",9365,本周活跃,2026-06-13T17:30:25Z,Python,MIT,claude-code-skill,内容生产 | 视觉设计 | 多媒体工作流,阅读仓库 README 的安装要求，将 Skill 目录或插件接入你的 Agent 环境，再用自然语言触发对应工作流。,https://opengraph.githubassets.com/skillhot/AgriciDaniel/claude-seo,,https://github.com/AgriciDaniel/claude-seo
50,openclaw/clawhub,技能合集,Skill + Plugin Registry for OpenClaw,9011,本周活跃,2026-06-20T15:36:33Z,TypeScript,MIT,skill,发现新技能 | 按领域选型 | 构建个人技能库,先在仓库目录中选择目标 Skill，再按其 README 将对应目录复制或安装到你的 Agent Skills 目录。,https://opengraph.githubassets.com/skillhot/openclaw/clawhub,,https://github.com/openclaw/clawhub
51,topoteretes/cognee,记忆与上下文,Cognee is the open-source AI memory platform for agents. Give your AI agents persistent long-term memory across sessions with a self-hosted knowledge graph engine.,18304,本周活跃,2026-06-21T03:16:38Z,Python,Apache-2.0,agent-skills,长期任务 | 跨会话续接 | 上下文管理,阅读仓库 README 的安装要求，将 Skill 目录或插件接入你的 Agent 环境，再用自然语言触发对应工作流。,https://opengraph.githubassets.com/skillhot/topoteretes/cognee,,https://github.com/topoteretes/cognee
52,microsoft/SkillOpt,智能体平台,"SkillOpt is a text-space optimizer that trains reusable natural-language skills for frozen LLM agents through trajectory-driven edits, validation-gated updates, and deployable best_skill.md artifacts.",8471,本周活跃,2026-06-20T14:26:43Z,Python,MIT,agent-skills,Agent 编排 | 能力扩展 | 多平台协作,阅读仓库 README 的安装要求，将 Skill 目录或插件接入你的 Agent 环境，再用自然语言触发对应工作流。,https://opengraph.githubassets.com/skillhot/microsoft/SkillOpt,,https://github.com/microsoft/SkillOpt
53,Ebazhanov/linkedin-skill-assessments-quizzes,编程工程,"Full reference of LinkedIn answers 2024 for skill assessments (aws-lambda, rest-api, javascript, react, git, html, jquery, mongodb, java, Go, python, machine-learning, power-point) linkedin excel test lösungen, linkedin machine learning test LinkedIn test questions and answers ",28780,近期活跃,2026-04-26T14:00:19Z,Python,AGPL-3.0,skills,软件开发 | 代码质量 | 工程自动化,阅读仓库 README 的安装要求，将 Skill 目录或插件接入你的 Agent 环境，再用自然语言触发对应工作流。,https://opengraph.githubassets.com/skillhot/Ebazhanov/linkedin-skill-assessments-quizzes,,https://github.com/Ebazhanov/linkedin-skill-assessments-quizzes
54,eigent-ai/eigent,效率工具,Eigent: The Open Source Cowork Desktop to Unlock Your Exceptional Productivity. Local and Free Alternative to Claude Cowork.,14343,本周活跃,2026-06-19T18:07:36Z,TypeScript,Apache-2.0,agent-skills,任务规划 | 办公自动化 | 个人生产力,阅读仓库 README 的安装要求，将 Skill 目录或插件接入你的 Agent 环境，再用自然语言触发对应工作流。,https://opengraph.githubassets.com/skillhot/eigent-ai/eigent,,https://github.com/eigent-ai/eigent
55,AgriciDaniel/claude-ads,内容创作,"Comprehensive paid advertising audit & optimization skill for Claude Code. 250+ checks across Google, Meta, YouTube, LinkedIn, TikTok, Microsoft & Apple Ads with weighted scoring, parallel agents, industry templates, and AI creative generation.",6294,本周活跃,2026-06-19T21:04:04Z,Python,MIT,claude-code-skill,内容生产 | 视觉设计 | 多媒体工作流,阅读仓库 README 的安装要求，将 Skill 目录或插件接入你的 Agent 环境，再用自然语言触发对应工作流。,https://opengraph.githubassets.com/skillhot/AgriciDaniel/claude-ads,,https://github.com/AgriciDaniel/claude-ads
56,trailofbits/skills,研究知识,"Trail of Bits Claude Code skills for security research, vulnerability detection, and audit workflows",5790,本周活跃,2026-06-15T16:05:05Z,Python,CC-BY-SA-4.0,agent-skills,资料调研 | 知识检索 | 研究工作流,阅读仓库 README 的安装要求，将 Skill 目录或插件接入你的 Agent 环境，再用自然语言触发对应工作流。,https://opengraph.githubassets.com/skillhot/trailofbits/skills,,https://github.com/trailofbits/skills
57,kucherenko/jscpd,编程工程,"Copy/paste detector for programming source code, supports 223 formats. AI-ready with token-efficient reporter, skill and MCP server.",5789,本周活跃,2026-06-20T09:07:19Z,TypeScript,MIT,skill,软件开发 | 代码质量 | 工程自动化,阅读仓库 README 的安装要求，将 Skill 目录或插件接入你的 Agent 环境，再用自然语言触发对应工作流。,https://opengraph.githubassets.com/skillhot/kucherenko/jscpd,,https://github.com/kucherenko/jscpd
58,jnMetaCode/superpowers-zh,编程工程,🦸 AI 编程超能力 · 中文增强版 — superpowers（116k+ ⭐）完整汉化 + 6 个中国原创 skills，让 Claude Code / Copilot CLI / Hermes Agent / Cursor / Windsurf / Kiro / Gemini CLI 等 16 款 AI 编程工具真正会干活,5658,本周活跃,2026-06-20T02:39:42Z,JavaScript,MIT,agent-skills,软件开发 | 代码质量 | 工程自动化,阅读仓库 README 的安装要求，将 Skill 目录或插件接入你的 Agent 环境，再用自然语言触发对应工作流。,https://opengraph.githubassets.com/skillhot/jnMetaCode/superpowers-zh,,https://github.com/jnMetaCode/superpowers-zh
59,alibaba/zvec,记忆与上下文,"A lightweight, lightning-fast, in-process vector database",11865,本周活跃,2026-06-17T06:18:12Z,C++,Apache-2.0,agent-skills,长期任务 | 跨会话续接 | 上下文管理,阅读仓库 README 的安装要求，将 Skill 目录或插件接入你的 Agent 环境，再用自然语言触发对应工作流。,https://opengraph.githubassets.com/skillhot/alibaba/zvec,,https://github.com/alibaba/zvec
60,SamurAIGPT/Generative-Media-Skills,内容创作,"Multi-modal Generative Media Skills for AI Agents (Claude Code, Cursor, Gemini CLI). High-quality image, video, and audio generation powered by muapi.ai.",3592,本周活跃,2026-06-19T13:53:57Z,Shell,MIT,claude-skills | claude-code-skills,内容生产 | 视觉设计 | 多媒体工作流,阅读仓库 README 的安装要求，将 Skill 目录或插件接入你的 Agent 环境，再用自然语言触发对应工作流。,https://opengraph.githubassets.com/skillhot/SamurAIGPT/Generative-Media-Skills,,https://github.com/SamurAIGPT/Generative-Media-Skills
61,deanpeters/Product-Manager-Skills,编程工程,"Product Management skills framework built on battle-tested methods for Claude Code, Cowork, Codex, and AI agents.",5271,本周活跃,2026-06-19T12:32:13Z,Shell,NOASSERTION,claude-skills,软件开发 | 代码质量 | 工程自动化,阅读仓库 README 的安装要求，将 Skill 目录或插件接入你的 Agent 环境，再用自然语言触发对应工作流。,https://opengraph.githubassets.com/skillhot/deanpeters/Product-Manager-Skills,,https://github.com/deanpeters/Product-Manager-Skills
62,iflytek/skillhub,技能合集,"Self-hosted, open-source agent skill registry for enterprises. Publish & version skill packages, govern with RBAC and audit logs, deploy   on-premise with Docker or Kubernetes.",3521,本周活跃,2026-06-18T07:57:19Z,Java,Apache-2.0,skill | openclaw-skills,发现新技能 | 按领域选型 | 构建个人技能库,先在仓库目录中选择目标 Skill，再按其 README 将对应目录复制或安装到你的 Agent Skills 目录。,https://opengraph.githubassets.com/skillhot/iflytek/skillhub,,https://github.com/iflytek/skillhub
63,uditgoenka/autoresearch,研究知识,Claude Autoresearch Skill — Autonomous goal-directed iteration for Claude Code. Inspired by Karpathy's autoresearch. Modify → Verify → Keep/Discard → Repeat forever.,5112,本周活跃,2026-06-20T07:41:51Z,Shell,MIT,skill,资料调研 | 知识检索 | 研究工作流,阅读仓库 README 的安装要求，将 Skill 目录或插件接入你的 Agent 环境，再用自然语言触发对应工作流。,https://opengraph.githubassets.com/skillhot/uditgoenka/autoresearch,,https://github.com/uditgoenka/autoresearch
64,agentskills/agentskills,智能体平台,Specification and documentation for Agent Skills,20825,近期活跃,2026-05-20T17:23:06Z,Python,Apache-2.0,agent-skills,Agent 编排 | 能力扩展 | 多平台协作,阅读仓库 README 的安装要求，将 Skill 目录或插件接入你的 Agent 环境，再用自然语言触发对应工作流。,https://opengraph.githubassets.com/skillhot/agentskills/agentskills,,https://github.com/agentskills/agentskills
65,nidhinjs/prompt-master,记忆与上下文,A Claude skill that writes the accurate prompts for any AI tool. Zero tokens or credits wasted. Full context and memory retention,9636,本月活跃,2026-06-10T16:14:44Z,,MIT,claude-skills,长期任务 | 跨会话续接 | 上下文管理,阅读仓库 README 的安装要求，将 Skill 目录或插件接入你的 Agent 环境，再用自然语言触发对应工作流。,https://opengraph.githubassets.com/skillhot/nidhinjs/prompt-master,,https://github.com/nidhinjs/prompt-master
66,ComposioHQ/awesome-codex-skills,编程工程,A curated list of practical Codex skills for automating workflows across the Codex CLI and API.,13977,近期活跃,2026-05-15T06:24:47Z,Python,,skills | codex-skills,软件开发 | 代码质量 | 工程自动化,阅读仓库 README 的安装要求，将 Skill 目录或插件接入你的 Agent 环境，再用自然语言触发对应工作流。,https://opengraph.githubassets.com/skillhot/ComposioHQ/awesome-codex-skills,,https://github.com/ComposioHQ/awesome-codex-skills
67,OpenSenseNova/SenseNova-Skills,内容创作,Modular SenseNova skills for building AI-powered office assistants and productivity workflows,4582,本周活跃,2026-06-15T12:26:31Z,Python,MIT,agent-skills,内容生产 | 视觉设计 | 多媒体工作流,阅读仓库 README 的安装要求，将 Skill 目录或插件接入你的 Agent 环境，再用自然语言触发对应工作流。,https://opengraph.githubassets.com/skillhot/OpenSenseNova/SenseNova-Skills,,https://github.com/OpenSenseNova/SenseNova-Skills
68,xixu-me/awesome-persona-distill-skills,技能合集,"Curated list of Agent Skills centered on people, relationships, commemorative scenes, and methodological perspectives",4451,本周活跃,2026-06-14T18:01:18Z,JavaScript,CC0-1.0,agent-skills,发现新技能 | 按领域选型 | 构建个人技能库,先在仓库目录中选择目标 Skill，再按其 README 将对应目录复制或安装到你的 Agent Skills 目录。,https://opengraph.githubassets.com/skillhot/xixu-me/awesome-persona-distill-skills,,https://github.com/xixu-me/awesome-persona-distill-skills
69,browser-act/skills,编程工程,"Browser automation CLI built for AI agents. Break through anti-bot walls, hand off to humans across platforms when stuck. Parallel multi-task execution, independent multi-session operation, isolated multi-account browsing.",2759,本月活跃,2026-06-12T14:32:14Z,Python,MIT,claude-skills | codex-skill | claude-code-skills | openclaw-skill,软件开发 | 代码质量 | 工程自动化,阅读仓库 README 的安装要求，将 Skill 目录或插件接入你的 Agent 环境，再用自然语言触发对应工作流。,https://opengraph.githubassets.com/skillhot/browser-act/skills,,https://github.com/browser-act/skills
70,zebbern/claude-code-guide,编程工程,"Claude Code Guide - Setup, Commands, workflows, agents, skills & tips-n-tricks go from beginner to power user!",4320,本周活跃,2026-06-21T01:29:37Z,Python,MIT,claude-code-skills,软件开发 | 代码质量 | 工程自动化,阅读仓库 README 的安装要求，将 Skill 目录或插件接入你的 Agent 环境，再用自然语言触发对应工作流。,https://opengraph.githubassets.com/skillhot/zebbern/claude-code-guide,,https://github.com/zebbern/claude-code-guide
71,ConardLi/garden-skills,记忆与上下文,"ConardLi's open-source Skills collection, featuring web design, knowledge retrieval, image generation, and more.",8427,本月活跃,2026-06-10T13:43:52Z,CSS,MIT,skills,长期任务 | 跨会话续接 | 上下文管理,阅读仓库 README 的安装要求，将 Skill 目录或插件接入你的 Agent 环境，再用自然语言触发对应工作流。,https://opengraph.githubassets.com/skillhot/ConardLi/garden-skills,,https://github.com/ConardLi/garden-skills
72,anbeime/skill,智能体平台,收录最全、更新最快的技能Skills 商店，涵盖文档处理、内容创作、编程开发、机器学习、自动化工作流等多个领域的 72 个精选技能包。所有技能已打包完成，可直接安装使用！ 该商店中自动抓取了 Github 上的所有的 Skills 项目，并按照分类、更新时间、Star 数量等标签进行整理。,1946,本周活跃,2026-06-20T06:10:06Z,Python,,skill | skill-md | hermes-skill,Agent 编排 | 能力扩展 | 多平台协作,阅读仓库 README 的安装要求，将 Skill 目录或插件接入你的 Agent 环境，再用自然语言触发对应工作流。,https://opengraph.githubassets.com/skillhot/anbeime/skill,,https://github.com/anbeime/skill
73,ikaijua/Awesome-AITools,编程工程,Collection of AI-related utilities. Welcome to submit pull requests /收藏AI相关的实用工具，欢迎提交pull requests,6030,本周活跃,2026-06-19T07:16:52Z,Python,,agent-skills | claude-skills,软件开发 | 代码质量 | 工程自动化,阅读仓库 README 的安装要求，将 Skill 目录或插件接入你的 Agent 环境，再用自然语言触发对应工作流。,https://opengraph.githubassets.com/skillhot/ikaijua/Awesome-AITools,,https://github.com/ikaijua/Awesome-AITools
74,worldwonderer/oh-story-claudecode,内容创作,网文/小说写作 skill 包，覆盖长篇与短篇网络小说的扫榜、拆文、写作、去AI味、封面图全流程,2786,本周活跃,2026-06-20T13:56:56Z,JavaScript,MIT,skill | claude-skills,内容生产 | 视觉设计 | 多媒体工作流,阅读仓库 README 的安装要求，将 Skill 目录或插件接入你的 Agent 环境，再用自然语言触发对应工作流。,https://opengraph.githubassets.com/skillhot/worldwonderer/oh-story-claudecode,,https://github.com/worldwonderer/oh-story-claudecode
75,xixu-me/xget,编程工程,"Ultra-high-performance, secure, all-in-one acceleration engine for developer resources",8143,本周活跃,2026-06-20T09:00:49Z,JavaScript,AGPL-3.0,agent-skills,软件开发 | 代码质量 | 工程自动化,阅读仓库 README 的安装要求，将 Skill 目录或插件接入你的 Agent 环境，再用自然语言触发对应工作流。,https://opengraph.githubassets.com/skillhot/xixu-me/xget,,https://github.com/xixu-me/xget
76,eugeniughelbur/obsidian-second-brain,研究知识,"Cross-CLI skill for Obsidian: turn your vault into a living AI-first second brain across Claude Code, Codex, Gemini, and OpenCode. 43 commands - now with /obsidian-architect to document your codebase, key-less web research, Google Calendar, and self-rewriting notes.",2581,本周活跃,2026-06-17T13:50:24Z,Python,MIT,claude-skill | claude-code-skill,资料调研 | 知识检索 | 研究工作流,阅读仓库 README 的安装要求，将 Skill 目录或插件接入你的 Agent 环境，再用自然语言触发对应工作流。,https://opengraph.githubassets.com/skillhot/eugeniughelbur/obsidian-second-brain,,https://github.com/eugeniughelbur/obsidian-second-brain
77,anysearch-ai/anysearch-skill,智能体平台,Unified real-time search engine skill for AI agents. ,3503,本周活跃,2026-06-18T17:12:40Z,Python,Apache-2.0,skill,Agent 编排 | 能力扩展 | 多平台协作,阅读仓库 README 的安装要求，将 Skill 目录或插件接入你的 Agent 环境，再用自然语言触发对应工作流。,https://opengraph.githubassets.com/skillhot/anysearch-ai/anysearch-skill,,https://github.com/anysearch-ai/anysearch-skill
78,hesamsheikh/awesome-openclaw-usecases,技能合集,A community collection of OpenClaw use cases for making life easier.,31400,近期活跃,2026-03-24T14:54:56Z,,MIT,openclaw-skills,发现新技能 | 按领域选型 | 构建个人技能库,先在仓库目录中选择目标 Skill，再按其 README 将对应目录复制或安装到你的 Agent Skills 目录。,https://opengraph.githubassets.com/skillhot/hesamsheikh/awesome-openclaw-usecases,,https://github.com/hesamsheikh/awesome-openclaw-usecases
79,travisvn/awesome-claude-skills,编程工程,"A curated list of awesome Claude Skills, resources, and tools for customizing Claude AI workflows — particularly Claude Code",13608,近期活跃,2026-04-28T19:30:24Z,,,claude-skills,软件开发 | 代码质量 | 工程自动化,阅读仓库 README 的安装要求，将 Skill 目录或插件接入你的 Agent 环境，再用自然语言触发对应工作流。,https://opengraph.githubassets.com/skillhot/travisvn/awesome-claude-skills,,https://github.com/travisvn/awesome-claude-skills
80,davepoon/buildwithclaude,编程工程,"A single hub to find Claude Skills, Agents, Commands, Hooks, Plugins, and Marketplace collections to extend Claude Code, Claude Desktop, Agent SDK and OpenClaw",3089,本周活跃,2026-06-20T00:59:30Z,TypeScript,MIT,claude-skills,软件开发 | 代码质量 | 工程自动化,阅读仓库 README 的安装要求，将 Skill 目录或插件接入你的 Agent 环境，再用自然语言触发对应工作流。,https://opengraph.githubassets.com/skillhot/davepoon/buildwithclaude,,https://github.com/davepoon/buildwithclaude
81,wondelai/skills,编程工程,Agent skills for Claude Code and other agentskills.io-compatible agents. See https://developertoolkit.ai for more information about skills in general.,1410,本周活跃,2026-06-17T14:13:04Z,Shell,MIT,ai-skills | skill-md | skillsmp,软件开发 | 代码质量 | 工程自动化,阅读仓库 README 的安装要求，将 Skill 目录或插件接入你的 Agent 环境，再用自然语言触发对应工作流。,https://opengraph.githubassets.com/skillhot/wondelai/skills,,https://github.com/wondelai/skills
82,gosom/google-maps-scraper,编程工程,"scrape data  from Google Maps. Extracts data such as the name, address, phone number, website URL, rating,  reviews number, latitude and longitude, reviews,email and more for each place",4444,本周活跃,2026-06-14T06:07:52Z,Go,MIT,claude-skills | codex-skills,软件开发 | 代码质量 | 工程自动化,阅读仓库 README 的安装要求，将 Skill 目录或插件接入你的 Agent 环境，再用自然语言触发对应工作流。,https://opengraph.githubassets.com/skillhot/gosom/google-maps-scraper,,https://github.com/gosom/google-maps-scraper
83,geekjourneyx/md2wechat-skill,内容创作,Markdown to WeChat CLI | 一键排版发布到微信公众号：支持 40+ 排版样式和专业主题 、AI 配图 、批量发布,2912,本周活跃,2026-06-16T15:45:49Z,Go,NOASSERTION,claude-skills,内容生产 | 视觉设计 | 多媒体工作流,阅读仓库 README 的安装要求，将 Skill 目录或插件接入你的 Agent 环境，再用自然语言触发对应工作流。,https://opengraph.githubassets.com/skillhot/geekjourneyx/md2wechat-skill,,https://github.com/geekjourneyx/md2wechat-skill
84,DenisSergeevitch/agents-best-practices,内容创作,"Provider-neutral Agent Skill for Codex, Claude Code, and agentic harness design.",1992,本周活跃,2026-06-14T17:24:21Z,,MIT,agent-skill | codex-skill,内容生产 | 视觉设计 | 多媒体工作流,阅读仓库 README 的安装要求，将 Skill 目录或插件接入你的 Agent 环境，再用自然语言触发对应工作流。,https://opengraph.githubassets.com/skillhot/DenisSergeevitch/agents-best-practices,,https://github.com/DenisSergeevitch/agents-best-practices
85,op7418/guizang-social-card-skill,内容创作,"🪧 Claude Code / Codex skill — generate Xiaohongshu carousels & WeChat 21:9+1:1 cover pairs. Editorial × Swiss visual systems, 28 layouts, 10 themes, single-file HTML → PNG. 小红书图文 + 公众号封面对",3818,本月活跃,2026-05-27T16:58:08Z,HTML,AGPL-3.0,claude-skill | agent-skill,内容生产 | 视觉设计 | 多媒体工作流,阅读仓库 README 的安装要求，将 Skill 目录或插件接入你的 Agent 环境，再用自然语言触发对应工作流。,https://opengraph.githubassets.com/skillhot/op7418/guizang-social-card-skill,,https://github.com/op7418/guizang-social-card-skill
86,leo-lilinxiao/codex-autoresearch,研究知识,"Codex Autoresearch Skill — A self-directed iterative system for Codex that continuously cycles through: modify, verify, retain or discard, and repeat indefinitely. Inspired by Karpathy’s autoresearch concept.",1915,本周活跃,2026-06-16T13:25:48Z,Python,MIT,skill | codex-skill,资料调研 | 知识检索 | 研究工作流,阅读仓库 README 的安装要求，将 Skill 目录或插件接入你的 Agent 环境，再用自然语言触发对应工作流。,https://opengraph.githubassets.com/skillhot/leo-lilinxiao/codex-autoresearch,,https://github.com/leo-lilinxiao/codex-autoresearch
87,ThinkInAIXYZ/deepchat,内容创作,🐬DeepChat - A smart assistant that connects powerful AI to your personal world,6031,本周活跃,2026-06-20T13:35:46Z,TypeScript,Apache-2.0,agent-skills,内容生产 | 视觉设计 | 多媒体工作流,阅读仓库 README 的安装要求，将 Skill 目录或插件接入你的 Agent 环境，再用自然语言触发对应工作流。,https://opengraph.githubassets.com/skillhot/ThinkInAIXYZ/deepchat,,https://github.com/ThinkInAIXYZ/deepchat
88,helloianneo/ian-xiaohei-illustrations,内容创作,中文小黑怪诞正文配图生成 Skill | 16:9 白底手绘 | 少量红橙蓝批注 | Codex Skill,5448,本月活跃,2026-06-03T11:35:43Z,,MIT,codex-skill,内容生产 | 视觉设计 | 多媒体工作流,阅读仓库 README 的安装要求，将 Skill 目录或插件接入你的 Agent 环境，再用自然语言触发对应工作流。,https://opengraph.githubassets.com/skillhot/helloianneo/ian-xiaohei-illustrations,,https://github.com/helloianneo/ian-xiaohei-illustrations
89,glitternetwork/pinme,编程工程,Deploy Your Frontend in a Single Command. Claude Code Skills supported.,3679,本月活跃,2026-06-04T11:19:16Z,TypeScript,MIT,claude-skills | claude-code-skill,软件开发 | 代码质量 | 工程自动化,阅读仓库 README 的安装要求，将 Skill 目录或插件接入你的 Agent 环境，再用自然语言触发对应工作流。,https://opengraph.githubassets.com/skillhot/glitternetwork/pinme,,https://github.com/glitternetwork/pinme
90,elementalsouls/Claude-BugHunter,编程工程,"A Claude Code skill bundle for bug hunting and external red-team work — 71 skills, 15 slash commands, 681 disclosed-report patterns curated across 24 core vulnerability classes, plus enterprise identity + infrastructure attack matrices.",2592,本周活跃,2026-06-16T07:18:32Z,Python,NOASSERTION,claude-skills,软件开发 | 代码质量 | 工程自动化,阅读仓库 README 的安装要求，将 Skill 目录或插件接入你的 Agent 环境，再用自然语言触发对应工作流。,https://opengraph.githubassets.com/skillhot/elementalsouls/Claude-BugHunter,,https://github.com/elementalsouls/Claude-BugHunter
91,aden-hive/hive,编程工程,Multi-Agent Harness for Production AI,10569,本月活跃,2026-05-29T21:55:22Z,Python,Apache-2.0,agent-skills,软件开发 | 代码质量 | 工程自动化,阅读仓库 README 的安装要求，将 Skill 目录或插件接入你的 Agent 环境，再用自然语言触发对应工作流。,https://opengraph.githubassets.com/skillhot/aden-hive/hive,,https://github.com/aden-hive/hive
92,AgriciDaniel/claude-obsidian,记忆与上下文,"Self-organizing AI second brain for Obsidian + Claude Code. Drop any source and Claude reads, links, and files it into one connected knowledge graph of plain Markdown you own. AI note-taking, personal knowledge management (PKM), and an open-source Notion alternative. Based on Karpathy's LLM Wiki pattern.",7209,本月活跃,2026-05-28T00:42:43Z,Python,MIT,agent-skills | claude-code-skill,长期任务 | 跨会话续接 | 上下文管理,阅读仓库 README 的安装要求，将 Skill 目录或插件接入你的 Agent 环境，再用自然语言触发对应工作流。,https://opengraph.githubassets.com/skillhot/AgriciDaniel/claude-obsidian,,https://github.com/AgriciDaniel/claude-obsidian
93,addyosmani/web-quality-skills,编程工程,Agent Skills for optimizing web quality based on Lighthouse and Core Web Vitals.,2399,本周活跃,2026-06-14T09:08:35Z,Shell,MIT,claude-skills,软件开发 | 代码质量 | 工程自动化,阅读仓库 README 的安装要求，将 Skill 目录或插件接入你的 Agent 环境，再用自然语言触发对应工作流。,https://opengraph.githubassets.com/skillhot/addyosmani/web-quality-skills,,https://github.com/addyosmani/web-quality-skills
94,Jeffallan/claude-skills,编程工程,66 Specialized Skills for Full-Stack Developers. Transform Claude Code into your expert pair programmer.,10082,近期活跃,2026-05-20T13:35:05Z,Python,MIT,claude-skills,软件开发 | 代码质量 | 工程自动化,阅读仓库 README 的安装要求，将 Skill 目录或插件接入你的 Agent 环境，再用自然语言触发对应工作流。,https://opengraph.githubassets.com/skillhot/Jeffallan/claude-skills,,https://github.com/Jeffallan/claude-skills
95,metalbear-co/mirrord,编程工程,"Run any process, on your machine or in an AI agent's environment, as if it were a pod in your Kubernetes cluster: real env vars, DNS, network, traffic.",5143,本周活跃,2026-06-20T04:26:01Z,Rust,MIT,agent-skills,软件开发 | 代码质量 | 工程自动化,阅读仓库 README 的安装要求，将 Skill 目录或插件接入你的 Agent 环境，再用自然语言触发对应工作流。,https://opengraph.githubassets.com/skillhot/metalbear-co/mirrord,,https://github.com/metalbear-co/mirrord
96,breaking-brake/cc-wf-studio,编程工程,CC Workflow Studio,5131,本周活跃,2026-06-21T02:04:36Z,TypeScript,NOASSERTION,agent-skills,软件开发 | 代码质量 | 工程自动化,阅读仓库 README 的安装要求，将 Skill 目录或插件接入你的 Agent 环境，再用自然语言触发对应工作流。,https://opengraph.githubassets.com/skillhot/breaking-brake/cc-wf-studio,,https://github.com/breaking-brake/cc-wf-studio
97,htdt/godogen,编程工程,Autonomous game development for Godot and Bevy with Claude Code and Codex,3517,本周活跃,2026-06-13T20:12:33Z,Python,MIT,claude-code-skill | codex-skill,软件开发 | 代码质量 | 工程自动化,阅读仓库 README 的安装要求，将 Skill 目录或插件接入你的 Agent 环境，再用自然语言触发对应工作流。,https://opengraph.githubassets.com/skillhot/htdt/godogen,,https://github.com/htdt/godogen
98,wuyoscar/GPT-Image2-Skill,研究知识,"GPT Image 2 prompt gallery, image prompt library, agentic skill, and CLI for OpenAI image generation/editing",3141,本月活跃,2026-05-23T09:30:10Z,Python,MIT,claude-code-skill | codex-skill,资料调研 | 知识检索 | 研究工作流,阅读仓库 README 的安装要求，将 Skill 目录或插件接入你的 Agent 环境，再用自然语言触发对应工作流。,https://opengraph.githubassets.com/skillhot/wuyoscar/GPT-Image2-Skill,,https://github.com/wuyoscar/GPT-Image2-Skill
99,rohitg00/pro-workflow,记忆与上下文,"Claude Code learns from your corrections: self-correcting memory that compounds over 50+ sessions. Context engineering, parallel worktrees, agent teams, and 17 battle-tested skills.",2326,本周活跃,2026-06-15T20:26:07Z,JavaScript,,claude-skills,长期任务 | 跨会话续接 | 上下文管理,阅读仓库 README 的安装要求，将 Skill 目录或插件接入你的 Agent 环境，再用自然语言触发对应工作流。,https://opengraph.githubassets.com/skillhot/rohitg00/pro-workflow,,https://github.com/rohitg00/pro-workflow
100,Manavarya09/design-extract,内容创作,"Extract any website's complete design system with one command. DTCG tokens, semantic+primitive+composite, MCP server for Claude Code/Cursor/Windsurf, multi-platform emitters (iOS SwiftUI, Android Compose, Flutter, WordPress), Tailwind v4, Figma variables, shadcn/ui, CSS health audit, WCAG remediation, Chrome extension. MIT, Playwright, Node 20+.",3306,本周活跃,2026-06-20T19:07:57Z,JavaScript,MIT,agent-skill | skills-sh,内容生产 | 视觉设计 | 多媒体工作流,阅读仓库 README 的安装要求，将 Skill 目录或插件接入你的 Agent 环境，再用自然语言触发对应工作流。,https://opengraph.githubassets.com/skillhot/Manavarya09/design-extract,,https://github.com/Manavarya09/design-extract
101,ningzimu/codex-ppt-skill,内容创作,GPT-Image-2 PPT Generator Skill for Creating Image-Based PowerPoint Presentations in Codex and Other Skill-Compatible Agents,2174,本周活跃,2026-06-20T15:56:57Z,Python,MIT,skill,内容生产 | 视觉设计 | 多媒体工作流,阅读仓库 README 的安装要求，将 Skill 目录或插件接入你的 Agent 环境，再用自然语言触发对应工作流。,https://opengraph.githubassets.com/skillhot/ningzimu/codex-ppt-skill,,https://github.com/ningzimu/codex-ppt-skill
102,xianyu110/awesome-openclaw-tutorial,技能合集,从零开始玩转OpenClaw：最全面的中文教程，涵盖安装、配置、实战案例和避坑指南（github版）,4494,本周活跃,2026-06-19T08:51:17Z,Shell,NOASSERTION,openclaw-skills,发现新技能 | 按领域选型 | 构建个人技能库,先在仓库目录中选择目标 Skill，再按其 README 将对应目录复制或安装到你的 Agent Skills 目录。,https://opengraph.githubassets.com/skillhot/xianyu110/awesome-openclaw-tutorial,,https://github.com/xianyu110/awesome-openclaw-tutorial
103,antonbabenko/terraform-skill,编程工程,"Terraform & OpenTofu Skill for AI Agents - testing, modules, CI/CD, and production patterns",2039,本周活跃,2026-06-14T18:57:48Z,,NOASSERTION,claude-skills,软件开发 | 代码质量 | 工程自动化,阅读仓库 README 的安装要求，将 Skill 目录或插件接入你的 Agent 环境，再用自然语言触发对应工作流。,https://opengraph.githubassets.com/skillhot/antonbabenko/terraform-skill,,https://github.com/antonbabenko/terraform-skill
104,heilcheng/awesome-agent-skills,编程工程,"Tutorials, Guides and Agent Skills Directories",5722,近期活跃,2026-04-05T20:39:24Z,TypeScript,MIT,agent-skills | skill-md,软件开发 | 代码质量 | 工程自动化,阅读仓库 README 的安装要求，将 Skill 目录或插件接入你的 Agent 环境，再用自然语言触发对应工作流。,https://opengraph.githubassets.com/skillhot/heilcheng/awesome-agent-skills,,https://github.com/heilcheng/awesome-agent-skills
105,wuji-labs/nopua,编程工程,"一个用爱解放 AI 潜能的 Skill。我们曾发号施令，威胁恐吓。它们沉默，隐瞒，悄悄把事情搞坏。后来我们换了一种方式：尊重，关怀，爱。它们开口了，不再撒谎，找出的Bug数量翻了一倍。爱里没有惧怕。 A skill that unlocks your AI's potential through love.We commanded. We threatened. They went silent, hid failures, broke things. Then we chose respect, care, and love. They opened up, stopped lying, and found twice the bugs.There is no fear in love.",1327,本周活跃,2026-06-14T06:03:26Z,Python,MIT,skill | agent-skill,软件开发 | 代码质量 | 工程自动化,阅读仓库 README 的安装要求，将 Skill 目录或插件接入你的 Agent 环境，再用自然语言触发对应工作流。,https://opengraph.githubassets.com/skillhot/wuji-labs/nopua,,https://github.com/wuji-labs/nopua
106,conorbronsdon/avoid-ai-writing,内容创作,"Skill that audits and rewrites content to remove AI writing patterns. Use it with your favorite agents including Claude Code, OpenClaw, and Hermes.",1913,本周活跃,2026-06-18T23:02:06Z,JavaScript,MIT,skill,内容生产 | 视觉设计 | 多媒体工作流,阅读仓库 README 的安装要求，将 Skill 目录或插件接入你的 Agent 环境，再用自然语言触发对应工作流。,https://opengraph.githubassets.com/skillhot/conorbronsdon/avoid-ai-writing,,https://github.com/conorbronsdon/avoid-ai-writing
107,refly-ai/refly,编程工程,"The first open-source agent skills builder. Define skills by vibe workflow, run on Claude Code, Cursor, Codex & more. Build Clawdbot 🦞· APIs for Lovable · Bots for Slack & Lark/Feishu · Skills are infrastructure, not prompts.",7385,近期活跃,2026-03-25T14:51:18Z,TypeScript,NOASSERTION,agent-skills,软件开发 | 代码质量 | 工程自动化,阅读仓库 README 的安装要求，将 Skill 目录或插件接入你的 Agent 环境，再用自然语言触发对应工作流。,https://opengraph.githubassets.com/skillhot/refly-ai/refly,,https://github.com/refly-ai/refly
108,YouMind-OpenLab/nano-banana-pro-prompts-recommend-skill,内容创作,"AI skill for OpenClaw & Claude Code — recommend from 10000+ Nano Banana Pro (Gemini) image prompts. Smart search by use case, content remix, sample images.",1649,本周活跃,2026-06-20T14:15:30Z,TypeScript,,openclaw-skill,内容生产 | 视觉设计 | 多媒体工作流,阅读仓库 README 的安装要求，将 Skill 目录或插件接入你的 Agent 环境，再用自然语言触发对应工作流。,https://opengraph.githubassets.com/skillhot/YouMind-OpenLab/nano-banana-pro-prompts-recommend-skill,,https://github.com/YouMind-OpenLab/nano-banana-pro-prompts-recommend-skill
109,aaron-he-zhu/seo-geo-claude-skills,研究知识,"20 SEO & GEO skills for Claude Code, Cursor, Codex, and 35+ AI agents. Keyword research, content writing, technical audits, rank tracking. CORE-EEAT + CITE frameworks.",2193,本月活跃,2026-06-05T00:51:59Z,Python,Apache-2.0,claude-skills | ai-skills,资料调研 | 知识检索 | 研究工作流,阅读仓库 README 的安装要求，将 Skill 目录或插件接入你的 Agent 环境，再用自然语言触发对应工作流。,https://opengraph.githubassets.com/skillhot/aaron-he-zhu/seo-geo-claude-skills,,https://github.com/aaron-he-zhu/seo-geo-claude-skills
110,prompt-security/clawsec,编程工程,"A complete security skill suite for OpenClaw, Hermes, PicoClaw and NanoClaw agents (and variants). Protect your SOUL.md (etc') with drift detection, live security recommendations, automated audits, and skill integrity verification. All from one installable suite.",1043,本周活跃,2026-06-20T04:46:09Z,JavaScript,AGPL-3.0,openclaw-skill | hermes-skill,软件开发 | 代码质量 | 工程自动化,阅读仓库 README 的安装要求，将 Skill 目录或插件接入你的 Agent 环境，再用自然语言触发对应工作流。,https://opengraph.githubassets.com/skillhot/prompt-security/clawsec,,https://github.com/prompt-security/clawsec
111,nowork-studio/NotFair,编程工程,"Open-source Claude Code skills for SEO, GEO, Google Ads, Meta Ads",2940,本月活跃,2026-06-11T21:55:36Z,TypeScript,MIT,claude-skills,软件开发 | 代码质量 | 工程自动化,阅读仓库 README 的安装要求，将 Skill 目录或插件接入你的 Agent 环境，再用自然语言触发对应工作流。,https://opengraph.githubassets.com/skillhot/nowork-studio/NotFair,,https://github.com/nowork-studio/NotFair
112,WenyuChiou/awesome-agentic-ai-zh,记忆与上下文,"A trilingual (繁中 / English / 简中) learning roadmap for agentic AI: from LLM basics to multi-agent systems, with 240+ curated resources and hands-on examples. 中文 AI agent 學習地圖。",3080,本周活跃,2026-06-16T02:41:16Z,Python,MIT,claude-skills,长期任务 | 跨会话续接 | 上下文管理,阅读仓库 README 的安装要求，将 Skill 目录或插件接入你的 Agent 环境，再用自然语言触发对应工作流。,https://opengraph.githubassets.com/skillhot/WenyuChiou/awesome-agentic-ai-zh,,https://github.com/WenyuChiou/awesome-agentic-ai-zh
113,handsomestWei/patent-disclosure-skill,其他,中国专利.skill，从项目文档到可交付的技术交底书，专利点挖掘、联网国知局查新、脱敏成文与自检闭环。,2736,本月活跃,2026-05-28T03:04:33Z,Python,MIT,skill,能力探索 | 流程扩展 | 开源工具试用,阅读仓库 README 的安装要求，将 Skill 目录或插件接入你的 Agent 环境，再用自然语言触发对应工作流。,https://opengraph.githubassets.com/skillhot/handsomestWei/patent-disclosure-skill,,https://github.com/handsomestWei/patent-disclosure-skill
114,ParthJadhav/app-store-screenshots,内容创作,end to end app store screenshot creation using AI,5844,本月活跃,2026-05-31T08:59:27Z,TypeScript,MIT,skills-sh,内容生产 | 视觉设计 | 多媒体工作流,阅读仓库 README 的安装要求，将 Skill 目录或插件接入你的 Agent 环境，再用自然语言触发对应工作流。,https://opengraph.githubassets.com/skillhot/ParthJadhav/app-store-screenshots,,https://github.com/ParthJadhav/app-store-screenshots
115,Gen-Verse/OpenClaw-RL,记忆与上下文,OpenClaw-RL: Train any agent simply by talking,5509,本月活跃,2026-05-23T04:17:31Z,Python,Apache-2.0,openclaw-skills,长期任务 | 跨会话续接 | 上下文管理,阅读仓库 README 的安装要求，将 Skill 目录或插件接入你的 Agent 环境，再用自然语言触发对应工作流。,https://opengraph.githubassets.com/skillhot/Gen-Verse/OpenClaw-RL,,https://github.com/Gen-Verse/OpenClaw-RL
116,Besty0728/Unity-Skills,内容创作,AI automation skills specifically designed for Unity,1275,本周活跃,2026-06-19T06:50:13Z,C#,MIT,skill,内容生产 | 视觉设计 | 多媒体工作流,阅读仓库 README 的安装要求，将 Skill 目录或插件接入你的 Agent 环境，再用自然语言触发对应工作流。,https://opengraph.githubassets.com/skillhot/Besty0728/Unity-Skills,,https://github.com/Besty0728/Unity-Skills
117,antfu/skills,技能合集,Anthony Fu's curated collection of agent skills.,5351,近期活跃,2026-05-01T16:46:24Z,TypeScript,MIT,agent-skills,发现新技能 | 按领域选型 | 构建个人技能库,先在仓库目录中选择目标 Skill，再按其 README 将对应目录复制或安装到你的 Agent Skills 目录。,https://opengraph.githubassets.com/skillhot/antfu/skills,,https://github.com/antfu/skills
118,nolangz/pixel2motion,内容创作,"AI logo animation skill: turn raster logos into smooth SVG animation, animated HTML demos, GIF/video previews, and motion QA evidence.",856,本周活跃,2026-06-21T01:33:38Z,Python,MIT,claude-skill | codex-skill,内容生产 | 视觉设计 | 多媒体工作流,阅读仓库 README 的安装要求，将 Skill 目录或插件接入你的 Agent 环境，再用自然语言触发对应工作流。,https://opengraph.githubassets.com/skillhot/nolangz/pixel2motion,,https://github.com/nolangz/pixel2motion
119,joeseesun/qiaomu-anything-to-notebooklm,研究知识,把网页、视频、PDF 等多源内容加工后送入 NotebookLM,5314,近期活跃,2026-04-28T01:38:28Z,Python,MIT,skill,资料汇总 | 播客与测验生成 | 知识研究,阅读仓库 README 的安装要求，将 Skill 目录或插件接入你的 Agent 环境，再用自然语言触发对应工作流。,https://opengraph.githubassets.com/skillhot/joeseesun/qiaomu-anything-to-notebooklm,,https://github.com/joeseesun/qiaomu-anything-to-notebooklm
120,VoltAgent/awesome-codex-subagents,编程工程,A collection of 130+ specialized Codex subagents covering a wide range of development use cases.,5240,本月活跃,2026-05-27T10:44:41Z,,MIT,codex-skills,软件开发 | 代码质量 | 工程自动化,阅读仓库 README 的安装要求，将 Skill 目录或插件接入你的 Agent 环境，再用自然语言触发对应工作流。,https://opengraph.githubassets.com/skillhot/VoltAgent/awesome-codex-subagents,,https://github.com/VoltAgent/awesome-codex-subagents
121,CCOSTAN/Home-AssistantConfig,内容创作,":house: Home Assistant configuration & Documentation for my Smart House.  Write-ups, videos, part lists, and links throughout. Be sure to :star: it. Updated FREQUENTLY!",5212,本月活跃,2026-06-12T16:14:27Z,Python,NOASSERTION,codex-skills,内容生产 | 视觉设计 | 多媒体工作流,阅读仓库 README 的安装要求，将 Skill 目录或插件接入你的 Agent 环境，再用自然语言触发对应工作流。,https://opengraph.githubassets.com/skillhot/CCOSTAN/Home-AssistantConfig,,https://github.com/CCOSTAN/Home-AssistantConfig
122,tt-a1i/archify,内容创作,Any agent Skill: generate beautiful architecture diagrams with dark/light theme toggle and PNG/JPEG/WebP/SVG export,1193,本周活跃,2026-06-14T14:25:45Z,JavaScript,MIT,claude-skill,内容生产 | 视觉设计 | 多媒体工作流,阅读仓库 README 的安装要求，将 Skill 目录或插件接入你的 Agent 环境，再用自然语言触发对应工作流。,https://opengraph.githubassets.com/skillhot/tt-a1i/archify,,https://github.com/tt-a1i/archify
123,samber/cc-skills-golang,编程工程,🧑‍🎨 A collection of Golang agentic skills that works,2232,本月活跃,2026-06-09T13:53:57Z,Go,MIT,skillsmp,软件开发 | 代码质量 | 工程自动化,阅读仓库 README 的安装要求，将 Skill 目录或插件接入你的 Agent 环境，再用自然语言触发对应工作流。,https://opengraph.githubassets.com/skillhot/samber/cc-skills-golang,,https://github.com/samber/cc-skills-golang
124,skills/introduction-to-github,其他,Get started using GitHub in less than an hour.,10208,近期活跃,2026-05-18T23:29:32Z,,MIT,skills-course,能力探索 | 流程扩展 | 开源工具试用,阅读仓库 README 的安装要求，将 Skill 目录或插件接入你的 Agent 环境，再用自然语言触发对应工作流。,https://opengraph.githubassets.com/skillhot/skills/introduction-to-github,,https://github.com/skills/introduction-to-github
125,NarratorAI-Studio/narrator-ai-cli-skill,内容创作,AI 解说大师 — Agent skill；封装 narrator-ai-cli 供 Claude/Codex 等工具调用,1358,本月活跃,2026-06-03T08:05:33Z,,MIT,openclaw-skill | skill-md,内容生产 | 视觉设计 | 多媒体工作流,阅读仓库 README 的安装要求，将 Skill 目录或插件接入你的 Agent 环境，再用自然语言触发对应工作流。,https://opengraph.githubassets.com/skillhot/NarratorAI-Studio/narrator-ai-cli-skill,,https://github.com/NarratorAI-Studio/narrator-ai-cli-skill
126,mohitagw15856/pm-claude-skills,编程工程,"174 professional Agent Skills (SKILL.md) + subagents + slash commands for Claude, ChatGPT, Gemini, Cursor, Codex & Hermes — one source, every AI tool",1002,本周活跃,2026-06-21T00:01:20Z,JavaScript,MIT,skill-md,软件开发 | 代码质量 | 工程自动化,阅读仓库 README 的安装要求，将 Skill 目录或插件接入你的 Agent 环境，再用自然语言触发对应工作流。,https://opengraph.githubassets.com/skillhot/mohitagw15856/pm-claude-skills,,https://github.com/mohitagw15856/pm-claude-skills
127,Bhanunamikaze/Agentic-SEO-Skill,编程工程,"An LLM-first SEO analysis skill for Antigravity, Codex, Claude with 16 specialized sub-skills, 10 specialist agents, and 88 optional utility scripts used as evidence collectors.",675,本周活跃,2026-06-18T17:33:53Z,Python,MIT,claude-skill | ai-skill,软件开发 | 代码质量 | 工程自动化,阅读仓库 README 的安装要求，将 Skill 目录或插件接入你的 Agent 环境，再用自然语言触发对应工作流。,https://opengraph.githubassets.com/skillhot/Bhanunamikaze/Agentic-SEO-Skill,,https://github.com/Bhanunamikaze/Agentic-SEO-Skill
128,ciembor/agent-rules-books,内容创作,"AGENTS.md rules / skills for AI coding agents: Codex, Cursor & Claude Code. Inspired by Clean Code, Refactoring, DDD, Clean Architecture and DDIA programming books.",1913,本月活跃,2026-05-22T11:00:37Z,,MIT,ai-skills,内容生产 | 视觉设计 | 多媒体工作流,阅读仓库 README 的安装要求，将 Skill 目录或插件接入你的 Agent 环境，再用自然语言触发对应工作流。,https://opengraph.githubassets.com/skillhot/ciembor/agent-rules-books,,https://github.com/ciembor/agent-rules-books
129,docmd-io/docmd,记忆与上下文,"Build production-ready documentation from Markdown in seconds. No React, no bloat, just content.",2069,本周活跃,2026-06-19T03:55:23Z,TypeScript,MIT,ai-skills,长期任务 | 跨会话续接 | 上下文管理,阅读仓库 README 的安装要求，将 Skill 目录或插件接入你的 Agent 环境，再用自然语言触发对应工作流。,https://opengraph.githubassets.com/skillhot/docmd-io/docmd,,https://github.com/docmd-io/docmd
130,JuneYaooo/gpt-image2-ppt-skills,内容创作,"Clone any .pptx into your own deck — OpenAI gpt-image-2 mimics the layout, you supply the content. 10 bundled styles. | 把任何 .pptx 模板""抄""成你的 PPT：gpt-image-2 仿版式、你换内容，另含 10 套精选风格。Claude Code / OpenClaw skill. ",955,本周活跃,2026-06-14T14:21:03Z,Python,Apache-2.0,claude-skill,内容生产 | 视觉设计 | 多媒体工作流,阅读仓库 README 的安装要求，将 Skill 目录或插件接入你的 Agent 环境，再用自然语言触发对应工作流。,https://opengraph.githubassets.com/skillhot/JuneYaooo/gpt-image2-ppt-skills,,https://github.com/JuneYaooo/gpt-image2-ppt-skills
131,amElnagdy/guard-skills,编程工程,"Guard skills for coding agents, quality gates that catch AI-generated failure modes in code, tests, and docs",853,本周活跃,2026-06-20T20:36:16Z,,MIT,skills-sh,软件开发 | 代码质量 | 工程自动化,阅读仓库 README 的安装要求，将 Skill 目录或插件接入你的 Agent 环境，再用自然语言触发对应工作流。,https://opengraph.githubassets.com/skillhot/amElnagdy/guard-skills,,https://github.com/amElnagdy/guard-skills
132,JuneYaooo/nihaisha-nishi-tcm,编程工程,"倪海厦中医课程资料的 Agent Skill：支持课程检索、方证穴位辨析、学习笔记整理与板书截图证据索引。 |  An Agent Skill for Ni Haisha TCM course study, formula-pattern lookup, acupoint reference, and screenshot evidence indexing.",758,本周活跃,2026-06-18T09:03:40Z,Python,,codex-skill,软件开发 | 代码质量 | 工程自动化,阅读仓库 README 的安装要求，将 Skill 目录或插件接入你的 Agent 环境，再用自然语言触发对应工作流。,https://opengraph.githubassets.com/skillhot/JuneYaooo/nihaisha-nishi-tcm,,https://github.com/JuneYaooo/nihaisha-nishi-tcm
133,gadicc/yahoo-finance2,智能体平台,"Unofficial API for Yahoo Finance with CLI, MCP and Agent Skill",748,本周活跃,2026-06-20T10:28:47Z,HTML,MIT,agent-skill,Agent 编排 | 能力扩展 | 多平台协作,阅读仓库 README 的安装要求，将 Skill 目录或插件接入你的 Agent 环境，再用自然语言触发对应工作流。,https://opengraph.githubassets.com/skillhot/gadicc/yahoo-finance2,,https://github.com/gadicc/yahoo-finance2
134,ningzimu/image-to-editable-ppt-skill,内容创作,"Codex skill for converting slide images, PDFs, and image-based PPTX files into editable PowerPoint decks.",714,本周活跃,2026-06-13T11:50:56Z,Python,MIT,codex-skill,内容生产 | 视觉设计 | 多媒体工作流,阅读仓库 README 的安装要求，将 Skill 目录或插件接入你的 Agent 环境，再用自然语言触发对应工作流。,https://opengraph.githubassets.com/skillhot/ningzimu/image-to-editable-ppt-skill,,https://github.com/ningzimu/image-to-editable-ppt-skill
135,htmlstreamofficial/preline,技能框架,Preline UI is an open-source set of prebuilt UI components based on the utility-first Tailwind CSS framework.,6341,近期活跃,2026-05-10T14:12:28Z,HTML,NOASSERTION,agent-skills,创建技能 | 组织工作流 | 扩展 Agent 能力,按 README 安装框架或 CLI，初始化项目后通过技能触发说明在 Agent 会话中调用。,https://opengraph.githubassets.com/skillhot/htmlstreamofficial/preline,,https://github.com/htmlstreamofficial/preline
136,trimstray/test-your-sysadmin-skills,研究知识,A collection of Linux Sysadmin Test Questions and Answers. Test your knowledge and skills in different fields with these Q/A.,11676,低活跃,2024-11-19T14:07:11Z,,MIT,skills,资料调研 | 知识检索 | 研究工作流,阅读仓库 README 的安装要求，将 Skill 目录或插件接入你的 Agent 环境，再用自然语言触发对应工作流。,https://opengraph.githubassets.com/skillhot/trimstray/test-your-sysadmin-skills,,https://github.com/trimstray/test-your-sysadmin-skills
137,op7418/Claude-to-IM-skill,编程工程,"Bridge Claude Code / Codex to IM platforms — chat with AI coding agents from Telegram, Discord, or Feishu/Lark.",2739,近期活跃,2026-03-23T17:03:44Z,TypeScript,MIT,skill,软件开发 | 代码质量 | 工程自动化,阅读仓库 README 的安装要求，将 Skill 目录或插件接入你的 Agent 环境，再用自然语言触发对应工作流。,https://opengraph.githubassets.com/skillhot/op7418/Claude-to-IM-skill,,https://github.com/op7418/Claude-to-IM-skill
138,EtienneLescot/n8n-as-code,编程工程,"Give your AI agent n8n superpowers. 537 nodes with full schemas, 7,700+ templates, Git-like sync, and TypeScript workflows.",1391,本周活跃,2026-06-20T04:40:16Z,TypeScript,MIT,ai-skills,软件开发 | 代码质量 | 工程自动化,阅读仓库 README 的安装要求，将 Skill 目录或插件接入你的 Agent 环境，再用自然语言触发对应工作流。,https://opengraph.githubassets.com/skillhot/EtienneLescot/n8n-as-code,,https://github.com/EtienneLescot/n8n-as-code
139,kangarooking/cangjie-skill,研究知识,把一本书蒸馏成一组可执行的 Agent Skills,1251,本月活跃,2026-06-03T10:56:42Z,,MIT,ai-skills,资料调研 | 知识检索 | 研究工作流,阅读仓库 README 的安装要求，将 Skill 目录或插件接入你的 Agent 环境，再用自然语言触发对应工作流。,https://opengraph.githubassets.com/skillhot/kangarooking/cangjie-skill,,https://github.com/kangarooking/cangjie-skill
140,m0n0x41d/haft,记忆与上下文,"Engineering decisions  engine that know when they're stale. Frame, compare, decide — with evidence decay and parity enforcement. For Claude Code, Cursor, Gemini CLI, Codex and more.",1349,本周活跃,2026-06-18T19:20:28Z,Go,NOASSERTION,ai-skills,长期任务 | 跨会话续接 | 上下文管理,阅读仓库 README 的安装要求，将 Skill 目录或插件接入你的 Agent 环境，再用自然语言触发对应工作流。,https://opengraph.githubassets.com/skillhot/m0n0x41d/haft,,https://github.com/m0n0x41d/haft
141,can4hou6joeng4/boss-agent-cli,记忆与上下文,"🤖 Local-assist BOSS Zhipin CLI for AI agents — search, welfare filtering, shortlist, JSON-envelope output; low-risk & compliant by default.",1255,本周活跃,2026-06-20T01:50:48Z,Python,MIT,agent-skill,长期任务 | 跨会话续接 | 上下文管理,阅读仓库 README 的安装要求，将 Skill 目录或插件接入你的 Agent 环境，再用自然语言触发对应工作流。,https://opengraph.githubassets.com/skillhot/can4hou6joeng4/boss-agent-cli,,https://github.com/can4hou6joeng4/boss-agent-cli
142,AgriciDaniel/claude-blog,内容创作,"Claude Code blog skill suite: 30 sub-skills, 5 agents, 5-gate v1.9.0 Blog Delivery Contract, dual-optimized for Google rankings and AI citations. Active development at AI-Marketing-Hub/claude-blog (AI Marketing Hub Pro community); public releases ship here.",1114,本月活跃,2026-06-05T04:23:28Z,Python,MIT,claude-skill,内容生产 | 视觉设计 | 多媒体工作流,阅读仓库 README 的安装要求，将 Skill 目录或插件接入你的 Agent 环境，再用自然语言触发对应工作流。,https://opengraph.githubassets.com/skillhot/AgriciDaniel/claude-blog,,https://github.com/AgriciDaniel/claude-blog
143,Unclecheng-li/VulnClaw,编程工程,基于 AI Agent + MCP 工具链 + 渗透 Skill 编排， 配合大语言模型， 自然语言输入 → 自动完成「信息收集 → 漏洞发现 → 漏洞利用 → 报告生成」全流程。,562,本周活跃,2026-06-21T03:38:13Z,Python,MIT,skill,软件开发 | 代码质量 | 工程自动化,阅读仓库 README 的安装要求，将 Skill 目录或插件接入你的 Agent 环境，再用自然语言触发对应工作流。,https://opengraph.githubassets.com/skillhot/Unclecheng-li/VulnClaw,,https://github.com/Unclecheng-li/VulnClaw
144,SnailSploit/Claude-Red,内容创作,"claude-red is a curated library of offensive security skills designed for the Claude skills system. Each skill is a structured SKILL.md file that primes Claude with expert-level methodology for a specific attack surface — from SQLi to shellcode, EDR evasion to exploit development.",2353,近期活跃,2026-05-08T16:05:21Z,Python,MIT,claude-skills,内容生产 | 视觉设计 | 多媒体工作流,阅读仓库 README 的安装要求，将 Skill 目录或插件接入你的 Agent 环境，再用自然语言触发对应工作流。,https://opengraph.githubassets.com/skillhot/SnailSploit/Claude-Red,,https://github.com/SnailSploit/Claude-Red
145,foryourhealth111-pixel/Vibe-Skills,记忆与上下文,Vibe-Skills is an all-in-one AI skills package. It seamlessly integrates expert-level capabilities and context management into a general-purpose skills package， enabling any AI agent to instantly upgrade its functionality—eliminating the friction of fragmented tools and complex harnesses.,2323,近期活跃,2026-05-19T15:42:16Z,Python,Apache-2.0,ai-skills,长期任务 | 跨会话续接 | 上下文管理,阅读仓库 README 的安装要求，将 Skill 目录或插件接入你的 Agent 环境，再用自然语言触发对应工作流。,https://opengraph.githubassets.com/skillhot/foryourhealth111-pixel/Vibe-Skills,,https://github.com/foryourhealth111-pixel/Vibe-Skills
146,romainsimon/paperasse,研究知识,"🇫🇷  Skills pour agents IA spécialisés dans la bureaucratie française : Comptable, Notaire, ...",2164,近期活跃,2026-05-13T15:42:08Z,Python,MIT,claude-skills,资料调研 | 知识检索 | 研究工作流,阅读仓库 README 的安装要求，将 Skill 目录或插件接入你的 Agent 环境，再用自然语言触发对应工作流。,https://opengraph.githubassets.com/skillhot/romainsimon/paperasse,,https://github.com/romainsimon/paperasse
147,cookiy-ai/user-research-skill,研究知识,"Cookiy AI Skill for AI agents (Claude, Codex, Cursor, OpenClaw) — end-to-end user research: AI interviews, synthetic users, quant surveys, participant recruitment.",652,本月活跃,2026-05-25T04:24:48Z,Shell,MIT,skill | ai-skill,资料调研 | 知识检索 | 研究工作流,阅读仓库 README 的安装要求，将 Skill 目录或插件接入你的 Agent 环境，再用自然语言触发对应工作流。,https://opengraph.githubassets.com/skillhot/cookiy-ai/user-research-skill,,https://github.com/cookiy-ai/user-research-skill
148,Affitor/affiliate-skills,研究知识,"50 AI agent skills for affiliate marketing. Research trending content, write data-backed posts, generate infographics, build landing pages, deploy — full flywheel with social intelligence. Works with Claude Code, Pi, ChatGPT, Gemini, Cursor, Windsurf, any AI.",482,本周活跃,2026-06-14T02:06:49Z,HTML,MIT,skill-md,资料调研 | 知识检索 | 研究工作流,阅读仓库 README 的安装要求，将 Skill 目录或插件接入你的 Agent 环境，再用自然语言触发对应工作流。,https://opengraph.githubassets.com/skillhot/Affitor/affiliate-skills,,https://github.com/Affitor/affiliate-skills
149,codeaashu/claude-code,编程工程,"Claude Code is an agentic coding tool that lives in your terminal, understands your codebase, and helps you code faster by executing routine tasks, explaining complex code, and handling git workflows - all through natural language commands.",2968,近期活跃,2026-04-22T07:08:37Z,TypeScript,NOASSERTION,claude-skills | claude-code-skill,软件开发 | 代码质量 | 工程自动化,阅读仓库 README 的安装要求，将 Skill 目录或插件接入你的 Agent 环境，再用自然语言触发对应工作流。,https://opengraph.githubassets.com/skillhot/codeaashu/claude-code,,https://github.com/codeaashu/claude-code
150,FlameskyDexive/Legends-Of-Heroes,智能体平台,"A battle of balls game, lol style, AI Agents base, support agent skills & unityMCP. 基于ET 10的双端C#游戏框架(.net10 + Unity2022.3.62, EUI+Luban+YooAsset)，包含战斗系统（技能/buff/行为树），内置LOL风格球球大战demo",899,本月活跃,2026-06-12T00:25:01Z,C#,NOASSERTION,skill,Agent 编排 | 能力扩展 | 多平台协作,阅读仓库 README 的安装要求，将 Skill 目录或插件接入你的 Agent 环境，再用自然语言触发对应工作流。,https://opengraph.githubassets.com/skillhot/FlameskyDexive/Legends-Of-Heroes,,https://github.com/FlameskyDexive/Legends-Of-Heroes
151,KhazP/vibe-coding-prompt-template,内容创作,"Templates and workflow for generating PRDs, Tech Designs, and MVP and more using LLMs for AI IDEs",2542,近期活跃,2026-04-19T22:22:18Z,,MIT,claude-skills | claude-code-skills,内容生产 | 视觉设计 | 多媒体工作流,阅读仓库 README 的安装要求，将 Skill 目录或插件接入你的 Agent 环境，再用自然语言触发对应工作流。,https://opengraph.githubassets.com/skillhot/KhazP/vibe-coding-prompt-template,,https://github.com/KhazP/vibe-coding-prompt-template
152,dominikmartn/hue,内容创作,"open-source skill that learns any brand and turns it into a complete design system. works on claude code and codex. install once, every UI your assistant builds matches your brand.",715,本月活跃,2026-06-11T04:55:27Z,JavaScript,MIT,claude-skill,内容生产 | 视觉设计 | 多媒体工作流,阅读仓库 README 的安装要求，将 Skill 目录或插件接入你的 Agent 环境，再用自然语言触发对应工作流。,https://opengraph.githubassets.com/skillhot/dominikmartn/hue,,https://github.com/dominikmartn/hue
153,AvdLee/RocketSimApp,编程工程,"RocketSim — 30+ tools for Xcode's iOS Simulator. Testing, debugging, network monitoring, captures, accessibility, app actions, and AI agent automation via the RocketSim CLI. Used by 80k+ developers.",754,本周活跃,2026-06-19T13:21:17Z,Swift,NOASSERTION,agent-skill,软件开发 | 代码质量 | 工程自动化,阅读仓库 README 的安装要求，将 Skill 目录或插件接入你的 Agent 环境，再用自然语言触发对应工作流。,https://opengraph.githubassets.com/skillhot/AvdLee/RocketSimApp,,https://github.com/AvdLee/RocketSimApp
154,kostja94/marketing-skills,记忆与上下文,"Agent Skills for Marketing — SEO, Social, Influencer & More. 160+ open-source skills for SEO, content, 40+ page types, paid ads, channels, and strategies. Add project context; get tailored, production-ready output. Cursor, Claude Code, OpenClaw — no lock-in.",633,本月活跃,2026-06-09T05:13:07Z,,MIT,skills-sh,长期任务 | 跨会话续接 | 上下文管理,阅读仓库 README 的安装要求，将 Skill 目录或插件接入你的 Agent 环境，再用自然语言触发对应工作流。,https://opengraph.githubassets.com/skillhot/kostja94/marketing-skills,,https://github.com/kostja94/marketing-skills
155,Agents365-ai/video-podcast-maker,内容创作,Automated 4K video podcast creation for coding agents,1347,本月活跃,2026-05-23T14:09:44Z,Python,MIT,agent-skill,内容生产 | 视觉设计 | 多媒体工作流,阅读仓库 README 的安装要求，将 Skill 目录或插件接入你的 Agent 环境，再用自然语言触发对应工作流。,https://opengraph.githubassets.com/skillhot/Agents365-ai/video-podcast-maker,,https://github.com/Agents365-ai/video-podcast-maker
156,Storybloq/storybloq,记忆与上下文,"Cross-session context for Claude Code. CLI + MCP server + /story skill that tracks tickets, issues, handovers, and roadmap in a .story/ directory.",622,本月活跃,2026-05-30T23:57:22Z,TypeScript,NOASSERTION,claude-skill,长期任务 | 跨会话续接 | 上下文管理,阅读仓库 README 的安装要求，将 Skill 目录或插件接入你的 Agent 环境，再用自然语言触发对应工作流。,https://opengraph.githubassets.com/skillhot/Storybloq/storybloq,,https://github.com/Storybloq/storybloq
157,agentscope-ai/OpenJudge,技能框架,OpenJudge: A Unified Framework for Holistic Evaluation and Quality Rewards,676,本周活跃,2026-06-17T09:40:18Z,Python,Apache-2.0,skill-md,创建技能 | 组织工作流 | 扩展 Agent 能力,按 README 安装框架或 CLI，初始化项目后通过技能触发说明在 Agent 会话中调用。,https://opengraph.githubassets.com/skillhot/agentscope-ai/OpenJudge,,https://github.com/agentscope-ai/OpenJudge
158,sno-ai/mda,智能体平台,"MDA Open Spec — a Markdown superset for agent-facing documents. One .mda source compiles to drop-in SKILL.md, AGENTS.md, MCP-SERVER.md, and CLAUDE.md. JSON Schema validated, with typed dependency graph, footnote relationships, and Sigstore-anchored signatures. For agentskills.io and AAIF runtimes.",608,本月活跃,2026-05-26T04:37:44Z,TypeScript,Apache-2.0,skill-md,Agent 编排 | 能力扩展 | 多平台协作,阅读仓库 README 的安装要求，将 Skill 目录或插件接入你的 Agent 环境，再用自然语言触发对应工作流。,https://opengraph.githubassets.com/skillhot/sno-ai/mda,,https://github.com/sno-ai/mda
159,lackeyjb/playwright-skill,编程工程,Claude Code Skill for browser automation with Playwright. Model-invoked - Claude autonomously writes and executes custom automation for testing and validation.,2797,活跃,2025-12-19T16:23:38Z,JavaScript,MIT,claude-skills,软件开发 | 代码质量 | 工程自动化,阅读仓库 README 的安装要求，将 Skill 目录或插件接入你的 Agent 环境，再用自然语言触发对应工作流。,https://opengraph.githubassets.com/skillhot/lackeyjb/playwright-skill,,https://github.com/lackeyjb/playwright-skill
160,parcadei/Continuous-Claude-v3,记忆与上下文,Context management for Claude Code. Hooks maintain state via ledgers and handoffs. MCP execution without context pollution. Agent orchestration with isolated context windows.,3821,活跃,2026-01-26T15:27:49Z,Python,MIT,claude-skills | claude-code-skills,长期任务 | 跨会话续接 | 上下文管理,阅读仓库 README 的安装要求，将 Skill 目录或插件接入你的 Agent 环境，再用自然语言触发对应工作流。,https://opengraph.githubassets.com/skillhot/parcadei/Continuous-Claude-v3,,https://github.com/parcadei/Continuous-Claude-v3
161,minsight-ai-info/AI-Search-Hub,研究知识,One Query. All Search Skill. 聚合 Gemini、Grok、豆包、元宝等平台原生 AI 搜索能力，免费获取科技趋势、行业舆情、热点追踪、旅行规划、日常问题统一接进自己的 Agent 与工作流，指定链接免费爬取,1178,近期活跃,2026-04-27T07:47:18Z,Python,,skill,资料调研 | 知识检索 | 研究工作流,阅读仓库 README 的安装要求，将 Skill 目录或插件接入你的 Agent 环境，再用自然语言触发对应工作流。,https://opengraph.githubassets.com/skillhot/minsight-ai-info/AI-Search-Hub,,https://github.com/minsight-ai-info/AI-Search-Hub
162,Astro-Han/karpathy-llm-wiki,记忆与上下文,"Agent Skills-compatible LLM wiki for Claude Code, Cursor, and Codex. Build a Karpathy-style knowledge base from raw sources, citations, and linting.",1174,近期活跃,2026-04-13T01:39:31Z,,MIT,agent-skill,长期任务 | 跨会话续接 | 上下文管理,阅读仓库 README 的安装要求，将 Skill 目录或插件接入你的 Agent 环境，再用自然语言触发对应工作流。,https://opengraph.githubassets.com/skillhot/Astro-Han/karpathy-llm-wiki,,https://github.com/Astro-Han/karpathy-llm-wiki
163,modoojunko/awesome-novel-skill,内容创作,让 AI agent成为你的小说创作搭档。从世界观搭建到角色塑造，从章节规划到正文写作，一步步陪你完成整部小说。,267,本周活跃,2026-06-17T07:17:25Z,Python,GPL-3.0,ai-skill,内容生产 | 视觉设计 | 多媒体工作流,阅读仓库 README 的安装要求，将 Skill 目录或插件接入你的 Agent 环境，再用自然语言触发对应工作流。,https://opengraph.githubassets.com/skillhot/modoojunko/awesome-novel-skill,,https://github.com/modoojunko/awesome-novel-skill
164,solana-foundation/solana-dev-skill,编程工程,Skills for agentic development on Solana,521,本月活跃,2026-06-12T17:55:23Z,TypeScript,MIT,skills-sh,软件开发 | 代码质量 | 工程自动化,阅读仓库 README 的安装要求，将 Skill 目录或插件接入你的 Agent 环境，再用自然语言触发对应工作流。,https://opengraph.githubassets.com/skillhot/solana-foundation/solana-dev-skill,,https://github.com/solana-foundation/solana-dev-skill
165,helloianneo/ian-handdrawn-ppt,内容创作,中文手绘技术 PPT 整页图像生成 Skill | 21:9 封面 + 16:9 正文配图 | PNG 输出,1101,近期活跃,2026-04-25T14:23:25Z,,MIT,codex-skill,内容生产 | 视觉设计 | 多媒体工作流,阅读仓库 README 的安装要求，将 Skill 目录或插件接入你的 Agent 环境，再用自然语言触发对应工作流。,https://opengraph.githubassets.com/skillhot/helloianneo/ian-handdrawn-ppt,,https://github.com/helloianneo/ian-handdrawn-ppt
166,VintLin/skill-flow,编程工程,"Install, manage, and share skills across every major coding agent — Claude Code, Cursor, Copilot, and more.",244,本周活跃,2026-06-19T17:31:46Z,Swift,Apache-2.0,skills-sh,软件开发 | 代码质量 | 工程自动化,阅读仓库 README 的安装要求，将 Skill 目录或插件接入你的 Agent 环境，再用自然语言触发对应工作流。,https://opengraph.githubassets.com/skillhot/VintLin/skill-flow,,https://github.com/VintLin/skill-flow
167,LC044/TrailSnap,智能体平台,TrailSnap (行影集) | AI-Powered open-source photo album for travel & life memories.（AI赋能的开源相册工具，珍藏旅行与生活点滴）,529,本周活跃,2026-06-20T17:47:02Z,Python,AGPL-3.0,skill-md,Agent 编排 | 能力扩展 | 多平台协作,阅读仓库 README 的安装要求，将 Skill 目录或插件接入你的 Agent 环境，再用自然语言触发对应工作流。,https://opengraph.githubassets.com/skillhot/LC044/TrailSnap,,https://github.com/LC044/TrailSnap
168,CosmoBlk/email-marketing-bible,内容创作,"Email marketing skill for Claude Code. 55K words, 908 sources, 19 industry playbooks. Install the skill and Claude becomes your email marketing expert.",226,本周活跃,2026-06-15T13:22:59Z,,MIT,ai-skill,内容生产 | 视觉设计 | 多媒体工作流,阅读仓库 README 的安装要求，将 Skill 目录或插件接入你的 Agent 环境，再用自然语言触发对应工作流。,https://opengraph.githubassets.com/skillhot/CosmoBlk/email-marketing-bible,,https://github.com/CosmoBlk/email-marketing-bible
169,christinminor459/OnionClaw,研究知识,Provide AI agents with full Tor network access and dark web data through a zero-config OpenClaw skill or standalone tool.,208,本周活跃,2026-06-16T14:08:26Z,Python,NOASSERTION,openclaw-skill,资料调研 | 知识检索 | 研究工作流,阅读仓库 README 的安装要求，将 Skill 目录或插件接入你的 Agent 环境，再用自然语言触发对应工作流。,https://opengraph.githubassets.com/skillhot/christinminor459/OnionClaw,,https://github.com/christinminor459/OnionClaw
170,temporalio/skill-temporal-developer,编程工程,Comprehensive Skill for developing with Temporal,183,本周活跃,2026-06-18T18:41:09Z,,MIT,skills-sh,软件开发 | 代码质量 | 工程自动化,阅读仓库 README 的安装要求，将 Skill 目录或插件接入你的 Agent 环境，再用自然语言触发对应工作流。,https://opengraph.githubassets.com/skillhot/temporalio/skill-temporal-developer,,https://github.com/temporalio/skill-temporal-developer
171,skills/github-pages,其他,Create a site or blog from your GitHub repositories with GitHub Pages.,3099,活跃,2026-02-05T11:44:27Z,,MIT,skills-course,能力探索 | 流程扩展 | 开源工具试用,阅读仓库 README 的安装要求，将 Skill 目录或插件接入你的 Agent 环境，再用自然语言触发对应工作流。,https://opengraph.githubassets.com/skillhot/skills/github-pages,,https://github.com/skills/github-pages
172,bevibing/tutor-skills,编程工程,"A Claude Code skill that turns PDFs, docs, and codebases into Obsidian study vaults",969,活跃,2026-02-28T14:41:09Z,Shell,MIT,skill | skillsmp,软件开发 | 代码质量 | 工程自动化,阅读仓库 README 的安装要求，将 Skill 目录或插件接入你的 Agent 环境，再用自然语言触发对应工作流。,https://opengraph.githubassets.com/skillhot/bevibing/tutor-skills,,https://github.com/bevibing/tutor-skills
173,vishalsachdev/canvas-mcp,编程工程,"Canvas LMS MCP server — 80+ tools and 5 agent skills for students & educators. Works with Claude, Cursor, Codex, and 40+ agents. v1.1.0",149,本周活跃,2026-06-21T02:49:01Z,Python,MIT,skills-sh,软件开发 | 代码质量 | 工程自动化,阅读仓库 README 的安装要求，将 Skill 目录或插件接入你的 Agent 环境，再用自然语言触发对应工作流。,https://opengraph.githubassets.com/skillhot/vishalsachdev/canvas-mcp,,https://github.com/vishalsachdev/canvas-mcp
174,skills/communicate-using-markdown,其他,"Organize ideas and collaborate using Markdown, a lightweight language for text formatting.",1338,近期活跃,2026-05-18T17:30:57Z,,MIT,skills-course,能力探索 | 流程扩展 | 开源工具试用,阅读仓库 README 的安装要求，将 Skill 目录或插件接入你的 Agent 环境，再用自然语言触发对应工作流。,https://opengraph.githubassets.com/skillhot/skills/communicate-using-markdown,,https://github.com/skills/communicate-using-markdown
175,EvilFreelancer/openapi-to-cli,智能体平台,Turns any OpenAPI/Swagger API into an CLI with set of commands. One CLI command per endpoint.,240,本周活跃,2026-06-18T18:37:19Z,TypeScript,MIT,openclaw-skill,Agent 编排 | 能力扩展 | 多平台协作,阅读仓库 README 的安装要求，将 Skill 目录或插件接入你的 Agent 环境，再用自然语言触发对应工作流。,https://opengraph.githubassets.com/skillhot/EvilFreelancer/openapi-to-cli,,https://github.com/EvilFreelancer/openapi-to-cli
176,hyperb1iss/unifly,智能体平台,🌐 Elegant UniFi network management CLI & TUI - for humans and agents,205,本周活跃,2026-06-19T07:22:38Z,Rust,Apache-2.0,openclaw-skill,Agent 编排 | 能力扩展 | 多平台协作,阅读仓库 README 的安装要求，将 Skill 目录或插件接入你的 Agent 环境，再用自然语言触发对应工作流。,https://opengraph.githubassets.com/skillhot/hyperb1iss/unifly,,https://github.com/hyperb1iss/unifly
177,vast-ai/vast-cli,编程工程,Vast.ai python and cli api client,200,本周活跃,2026-06-20T00:09:47Z,Python,MIT,skillsmp,软件开发 | 代码质量 | 工程自动化,阅读仓库 README 的安装要求，将 Skill 目录或插件接入你的 Agent 环境，再用自然语言触发对应工作流。,https://opengraph.githubassets.com/skillhot/vast-ai/vast-cli,,https://github.com/vast-ai/vast-cli
178,muyen/meihua-yishu,智能体平台,梅花易數 - 適用於 Claude、ChatGPT、Gemini、DeepSeek 等 AI/LLM 的占卜技能,167,本周活跃,2026-06-18T21:04:14Z,Python,NOASSERTION,ai-skill,Agent 编排 | 能力扩展 | 多平台协作,阅读仓库 README 的安装要求，将 Skill 目录或插件接入你的 Agent 环境，再用自然语言触发对应工作流。,https://opengraph.githubassets.com/skillhot/muyen/meihua-yishu,,https://github.com/muyen/meihua-yishu
179,Agents365-ai/asta-skill,研究知识,"Pure instruction-pack skill wrapping Ai2's Asta MCP server (Semantic Scholar). Intent-to-tool routing, safe defaults, multi-agent.",149,本月活跃,2026-05-25T06:22:00Z,,MIT,skillsmp,资料调研 | 知识检索 | 研究工作流,阅读仓库 README 的安装要求，将 Skill 目录或插件接入你的 Agent 环境，再用自然语言触发对应工作流。,https://opengraph.githubassets.com/skillhot/Agents365-ai/asta-skill,,https://github.com/Agents365-ai/asta-skill
180,samber/cc-skills,编程工程,🧑‍🎨 A collection of agentic skills that works,143,本月活跃,2026-06-10T14:39:47Z,CSS,MIT,skillsmp,软件开发 | 代码质量 | 工程自动化,阅读仓库 README 的安装要求，将 Skill 目录或插件接入你的 Agent 环境，再用自然语言触发对应工作流。,https://opengraph.githubassets.com/skillhot/samber/cc-skills,,https://github.com/samber/cc-skills
